cf,0.0,10.0,20.0,30.0,40.0,50.0,60.0,70.0,80.0,90.0,100.0
1.200982401385813780e+01,-5.765629621282231909e+01,-5.765629378724508314e+01,-5.765627722450629733e+01,-5.765611218148691819e+01,-5.765502137489203704e+01,-5.764194674207830360e+01,-5.749359615485498409e+01,-5.645056192376463855e+01,-5.334444603966369414e+01,-5.079288274822107496e+01,-5.007375365150846847e+01
1.177707104662374249e+01,-5.765629617344028901e+01,-5.765629360952988947e+01,-5.765627613074511260e+01,-5.765610339460216949e+01,-5.765496596037096566e+01,-5.764109348471350813e+01,-5.748525388004217263e+01,-5.640326795284391181e+01,-5.326884234605003599e+01,-5.077620850299519617e+01,-5.012908222777456047e+01
1.154877668459478102e+01,-5.765629613118206720e+01,-5.765629341898816307e+01,-5.765627495910712952e+01,-5.765609409017380216e+01,-5.765490693994580340e+01,-5.764017573382791682e+01,-5.747640095443212260e+01,-5.635868288051617014e+01,-5.321984600152774192e+01,-5.074980879960681790e+01,-5.009903165457363627e+01
1.132485551893365816e+01,-5.765629609025285873e+01,-5.765629322558734771e+01,-5.765627370781042060e+01,-5.765608391058116666e+01,-5.765484081352607149e+01,-5.763914551415097520e+01,-5.746653349037902103e+01,-5.630229825399320021e+01,-5.313055298623431355e+01,-5.073180860739932285e+01,-5.009902394581979479e+01
1.110522377689057372e+01,-5.765629604430568378e+01,-5.765629301758554703e+01,-5.765627242301771105e+01,-5.765607398623343016e+01,-5.765477694508881967e+01,-5.763812060392467629e+01,-5.745697035586228907e+01,-5.625555300774866652e+01,-5.307819395043500776e+01,-5.069941390517085722e+01,-5.008071114359727005e+01
1.088979929046269035e+01,-5.765629599581459530e+01,-5.765629279573500554e+01,-5.765627103638933448e+01,-5.765606329606669789e+01,-5.765470715060266116e+01,-5.763699839196169705e+01,-5.744662102136959447e+01,-5.620333868566312674e+01,-5.301039891595964804e+01,-5.068236199837593858e+01,-5.012040911924599129e+01
1.067850146565368163e+01,-5.765629594528398627e+01,-5.765629256044217499e+01,-5.765626953732160587e+01,-5.765605170682692204e+01,-5.765463016880254798e+01,-5.763576018154835623e+01,-5.743532771861153918e+01,-5.614824222692126199e+01,-5.294531600747558286e+01,-5.066641205197272058e+01,-5.012974330621597119e+01
1.047125125232212994e+01,-5.765629589314512771e+01,-5.765629231866471827e+01,-5.765626800376649896e+01,-5.765604013986018117e+01,-5.765455252114509932e+01,-5.763448738506744462e+01,-5.742397764591007103e+01,-5.609333502157585372e+01,-5.287674557103330386e+01,-5.064953651471869023e+01,-5.010239113249481591e+01
1.026797111460751921e+01,-5.765629583826829929e+01,-5.765629206087596259e+01,-5.765626634604809908e+01,-5.765602765714617561e+01,-5.765446719319020019e+01,-5.763309084771198343e+01,-5.741167870996811473e+01,-5.602957468768402549e+01,-5.278991648522196556e+01,-5.065939142050761745e+01,-5.014254042513161380e+01
1.006858500192272565e+01,-5.765629577918230808e+01,-5.765629178283280964e+01,-5.765626455483894830e+01,-5.765601430952393969e+01,-5.765437451054710039e+01,-5.763157475183913903e+01,-5.739852681075645080e+01,-5.596940516897769413e+01,-5.272103863629844511e+01,-5.064764267593130143e+01,-5.017508387037852913e+01
9.873018320502206180e+00,-5.765629571874782044e+01,-5.765629149780760088e+01,-5.765626271437347583e+01,-5.765600087704608967e+01,-5.765427940849419741e+01,-5.763000227113689533e+01,-5.738519261424932694e+01,-5.590666808251543785e+01,-5.265022594804371892e+01,-5.064549372841217689e+01,-5.020454160180472059e+01
9.681197905495180223e+00,-5.765629565403018830e+01,-5.765629119533448232e+01,-5.765626077970754437e+01,-5.765598709604277872e+01,-5.765418007849497428e+01,-5.762835444584474232e+01,-5.737151883149475395e+01,-5.584687715610851910e+01,-5.258077384751472749e+01,-5.061510226045693628e+01,-5.016902517366409597e+01
9.493051993593404347e+00,-5.765629558544213040e+01,-5.765629087174351497e+01,-5.765625868946882804e+01,-5.765597227843085193e+01,-5.765407086290117178e+01,-5.762655549846854086e+01,-5.735680202741071554e+01,-5.578961357971704160e+01,-5.251580929568978462e+01,-5.056122090548552706e+01,-5.013464690514295796e+01
9.308510196183290120e+00,-5.765629551622673432e+01,-5.765629054057791336e+01,-5.765625651937467921e+01,-5.765595707014889371e+01,-5.765395548964294647e+01,-5.762465546154187024e+01,-5.734157387717385035e+01,-5.572088931427959579e+01,-5.244315262124761290e+01,-5.058325349386495873e+01,-5.020758035965146604e+01
9.127503473012309243e+00,-5.765629544242059978e+01,-5.765629018419783591e+01,-5.765625416257466895e+01,-5.765594062676757403e+01,-5.765382773322974685e+01,-5.762257455066197309e+01,-5.732513354037618569e+01,-5.564430618222700531e+01,-5.237531967732135740e+01,-5.061619170320382466e+01,-5.024686156974083673e+01
8.949964106359864502e+00,-5.765629536442195757e+01,-5.765628980706100037e+01,-5.765625166514703182e+01,-5.765592347054756317e+01,-5.765369079876922598e+01,-5.762036103239157825e+01,-5.730799515219096918e+01,-5.557822077260344429e+01,-5.230897807058202886e+01,-5.059259563688266326e+01,-5.021222687970332288e+01
8.775825675702915163e+00,-5.765629528611096077e+01,-5.765628943116502825e+01,-5.765624919393747660e+01,-5.765590713593786631e+01,-5.765355509512956900e+01,-5.761816660900204567e+01,-5.729157545364813586e+01,-5.551664504507866837e+01,-5.224570012637448002e+01,-5.057460305536058343e+01,-5.021902611346336442e+01
8.605023032866927934e+00,-5.765629520150366005e+01,-5.765628901306305210e+01,-5.765624636630263922e+01,-5.765588801646146777e+01,-5.765339312993396703e+01,-5.761561057656213336e+01,-5.727247542808176917e+01,-5.543766382023032691e+01,-5.219291238855765869e+01,-5.061774963005874639e+01,-5.029267135185965998e+01
8.437492277652824058e+00,-5.765629511753452618e+01,-5.765628860407289125e+01,-5.765624363842567845e+01,-5.765587045874575267e+01,-5.765323656599873914e+01,-5.761315121830111963e+01,-5.725483482673629965e+01,-5.537924284716321210e+01,-5.212912278314120584e+01,-5.054813682860361013e+01,-5.024174515417394105e+01
8.273170733930813370e+00,-5.765629502793533590e+01,-5.765628815732413415e+01,-5.765624059160188608e+01,-5.765585056439012845e+01,-5.765305510939144540e+01,-5.761036706945318286e+01,-5.723498685079887593e+01,-5.529713378880664720e+01,-5.208874770912647989e+01,-5.061352933466272930e+01,-5.025976827365109045e+01
8.111996926192190926e+00,-5.765629493464989253e+01,-5.765628768897937562e+01,-5.765623737709637453e+01,-5.765582981114599193e+01,-5.765285890196623342e+01,-5.760741532847163171e+01,-5.721437145790585532e+01,-5.521998171324757010e+01,-5.204334763140339248e+01,-5.061255390125501918e+01,-5.031191101691984358e+01
7.953910556550281008e+00,-5.765629484616145817e+01,-5.765628724917000625e+01,-5.765623438649048893e+01,-5.765581156557541931e+01,-5.765267283708581658e+01,-5.760466752589268680e+01,-5.719610180346840878e+01,-5.515952555736229357e+01,-5.198185507701990105e+01,-5.054671873128472015e+01,-5.027709283056213962e+01
7.798852482181978907e+00,-5.765629474696483214e+01,-5.765628673982175911e+01,-5.765623081922544912e+01,-5.765578886516709645e+01,-5.765244186736223497e+01,-5.760134984467615737e+01,-5.717379052372128712e+01,-5.506689709706269298e+01,-5.195482960348108747e+01,-5.058729137383275543e+01,-5.027066285391889267e+01
7.646764693201389740e+00,-5.765629465359675976e+01,-5.765628626183048766e+01,-5.765622748037500855e+01,-5.765576860618298838e+01,-5.765221867059586458e+01,-5.759823646912266071e+01,-5.715380434230393547e+01,-5.499114177267958326e+01,-5.190850732433947456e+01,-5.056751809242571483e+01,-5.028069533787369494e+01
7.497590290957342418e+00,-5.765629455255967883e+01,-5.765628573221506059e+01,-5.765622370455822931e+01,-5.765574514691686403e+01,-5.765195730186582779e+01,-5.759469033753509848e+01,-5.713104738236390290e+01,-5.488350843467411266e+01,-5.189929893134628713e+01,-5.059834063937384485e+01,-5.031155476779373714e+01
7.351273466746633289e+00,-5.765629445215723337e+01,-5.765628519993114054e+01,-5.765621987354943201e+01,-5.765572165847676445e+01,-5.765168168314093577e+01,-5.759107732384602940e+01,-5.710845609745879159e+01,-5.476979707399740960e+01,-5.189432662149440745e+01,-5.063279314343157012e+01,-5.029432759142067511e+01
7.207759480935019170e+00,-5.765629435181058682e+01,-5.765628466100159244e+01,-5.765621595331133165e+01,-5.765569780207357553e+01,-5.765138804574156239e+01,-5.758736897717648162e+01,-5.708579483410859012e+01,-5.464946701076158320e+01,-5.189873985334691042e+01,-5.066640902431930726e+01,-5.031839211911515264e+01
7.066994642478197086e+00,-5.765629425963420829e+01,-5.765628416195731631e+01,-5.765621229968923700e+01,-5.765567631747290989e+01,-5.765109896089563080e+01,-5.758390546204160643e+01,-5.706552403211689040e+01,-5.456445374002242943e+01,-5.184566323085148554e+01,-5.060400798513127540e+01,-5.030372775581305689e+01
6.928926288835051572e+00,-5.765629415832985671e+01,-5.765628359729358721e+01,-5.765620807103299938e+01,-5.765565039289831617e+01,-5.765075467204914617e+01,-5.757988140095115170e+01,-5.704168439657846790e+01,-5.445681081964581693e+01,-5.188456751690821278e+01,-5.069533933326529507e+01,-5.032445787008730775e+01
6.793502766265698156e+00,-5.765629406814822744e+01,-5.765628308715628947e+01,-5.765620420832891568e+01,-5.765562737034005636e+01,-5.765041844319581088e+01,-5.757620177903326919e+01,-5.702081066570581669e+01,-5.439220411418746437e+01,-5.186024963855185632e+01,-5.066266738288964433e+01,-5.029753884902945771e+01
6.660673410506934289e+00,-5.765629397802180733e+01,-5.765628256365165072e+01,-5.765620016794817815e+01,-5.765560282662723779e+01,-5.765005062462153518e+01,-5.757234913206787752e+01,-5.699909303350988665e+01,-5.438616208272613761e+01,-5.186774741894699048e+01,-5.069645340830232527e+01,-5.031924311360821633e+01
6.530388527817871491e+00,-5.765629389126674198e+01,-5.765628204515066813e+01,-5.765619608681525676e+01,-5.765557768648098858e+01,-5.764965882561487831e+01,-5.756845835672999101e+01,-5.697743748252337781e+01,-5.440803670601331987e+01,-5.186651810482554481e+01,-5.072233291088226537e+01,-5.033314743861576090e+01
6.402599376388644181e+00,-5.765629381036367818e+01,-5.765628154504543801e+01,-5.765619206276560504e+01,-5.765555252104758921e+01,-5.764924833897067913e+01,-5.756462825142776296e+01,-5.695654225583651709e+01,-5.444977851160569315e+01,-5.186739918215345568e+01,-5.074812310361892287e+01,-5.032087040676756828e+01
6.277258148105278046e+00,-5.765629373737172614e+01,-5.765628107461812846e+01,-5.765618817917257388e+01,-5.765552776215942288e+01,-5.764882394690678780e+01,-5.756094492677694063e+01,-5.693737942057363455e+01,-5.452233360773102788e+01,-5.186622010898359036e+01,-5.075411234486359291e+01,-5.030105411105130742e+01
6.154317950663836356e+00,-5.765629366221836705e+01,-5.765628057062015444e+01,-5.765618392207639431e+01,-5.765549930675596357e+01,-5.764834486062964913e+01,-5.755692103457433006e+01,-5.691615846933460432e+01,-5.449583017049811673e+01,-5.185001625499395317e+01,-5.083676730608674887e+01,-5.027661167587712043e+01
6.033732790027220183e+00,-5.765629360220819422e+01,-5.765628013863151580e+01,-5.765618013391733854e+01,-5.765547330544089277e+01,-5.764787429530386476e+01,-5.755336768341511799e+01,-5.689732958144765007e+01,-5.449655641248992310e+01,-5.183771828126021575e+01,-5.086129582522664094e+01,-5.021828785845561072e+01
5.915457553218003817e+00,-5.765629355504233189e+01,-5.765627976272502053e+01,-5.765617667774590416e+01,-5.765544843420254750e+01,-5.764740182466265850e+01,-5.755015791920188661e+01,-5.687937475305408697e+01,-5.460263462228658682e+01,-5.184513152860478158e+01,-5.079064558230558646e+01,-5.015901024438895917e+01
5.799447991440892736e+00,-5.765629350934314346e+01,-5.765627937323998964e+01,-5.765617299648368999e+01,-5.765542028731695723e+01,-5.764688242435946819e+01,-5.754677620518936010e+01,-5.686115148806128161e+01,-5.450474927430964556e+01,-5.180494668156480742e+01,-5.081348734470704898e+01,-5.008206577162624740e+01
5.685660703528496285e+00,-5.765629347825758089e+01,-5.765627905031901435e+01,-5.765616972922166639e+01,-5.765539338573987749e+01,-5.764636766891387509e+01,-5.754383123031109903e+01,-5.684454384327534626e+01,-5.440845726650709224e+01,-5.181850606272344351e+01,-5.074000592326533621e+01,-5.010740686080419692e+01
5.574053119704199588e+00,-5.765629345486540558e+01,-5.765627874904915018e+01,-5.765616650366017382e+01,-5.765536465083371809e+01,-5.764582676580164389e+01,-5.754097361866951843e+01,-5.682809385127308843e+01,-5.429902988317628143e+01,-5.177885466571627404e+01,-5.069586690779916438e+01,-5.001960156708405236e+01
5.464583485656085315e+00,-5.765629343875554724e+01,-5.765627846830197001e+01,-5.765616331794388572e+01,-5.765533382110255189e+01,-5.764525991197414356e+01,-5.753821485761899623e+01,-5.681136175314629355e+01,-5.423651655626645152e+01,-5.171239013361834225e+01,-5.063768003260138073e+01,-5.001105413380285825e+01
5.357210846915931413e+00,-5.765629343763738746e+01,-5.765627825745604440e+01,-5.765616057819644880e+01,-5.765530372731323894e+01,-5.764470452482066065e+01,-5.753594191756835130e+01,-5.679643212698884724e+01,-5.408683178237038192e+01,-5.172699578544411736e+01,-5.056779306778558691e+01,-4.996053274953693091e+01
5.251895033537430812e+00,-5.765629344051478000e+01,-5.765627804189734462e+01,-5.765615765008191573e+01,-5.765526919781039084e+01,-5.764410369182997584e+01,-5.753355656013509645e+01,-5.677967710331034112e+01,-5.407953749829295020e+01,-5.162380427641107872e+01,-5.051388262679544994e+01,-4.997328874221430794e+01
5.148596645067939015e+00,-5.765629345957032115e+01,-5.765627790801663366e+01,-5.765615528542298307e+01,-5.765523589885855671e+01,-5.764353110288590898e+01,-5.753178102802589677e+01,-5.676518278122578920e+01,-5.399051837659069264e+01,-5.158179275390772744e+01,-5.046378776409817846e+01,-4.988537675280714723e+01
5.047277035808074075e+00,-5.765629348431874490e+01,-5.765627777856598613e+01,-5.765615279905317436e+01,-5.765519813280977246e+01,-5.764292245354559441e+01,-5.752995859453517369e+01,-5.674883119514937846e+01,-5.393875061421895367e+01,-5.151869153425354142e+01,-5.042433732862865270e+01,-4.991577926863874382e+01
4.947898300353712919e+00,-5.765629352052896195e+01,-5.765627770095377258e+01,-5.765615063254396944e+01,-5.765515929697949815e+01,-5.764232589118638828e+01,-5.752852029702413006e+01,-5.673307778669126122e+01,-5.388124408107231034e+01,-5.146880287861933567e+01,-5.038522615492585288e+01,-4.984563796008914949e+01
4.850423259414921695e+00,-5.765629356516996751e+01,-5.765627765018210482e+01,-5.765614855270768402e+01,-5.765511727354014226e+01,-5.764172102966308131e+01,-5.752723685916881635e+01,-5.671636532839293210e+01,-5.382996037545375145e+01,-5.143269695403522235e+01,-5.035147932737422138e+01,-4.984101656514391721e+01
4.754815445906539928e+00,-5.765629361678443132e+01,-5.765627762137575019e+01,-5.765614654147243812e+01,-5.765507179911531921e+01,-5.764111130355688317e+01,-5.752610022483302288e+01,-5.669858339962252103e+01,-5.376339778553100501e+01,-5.138454558577737430e+01,-5.030848514558319806e+01,-4.982817802299282306e+01
4.661039091305228865e+00,-5.765629368019493484e+01,-5.765627763898795166e+01,-5.765614476818333856e+01,-5.765502406003658820e+01,-5.764051748736742553e+01,-5.752523321153023517e+01,-5.668027110602185559e+01,-5.371518531848602152e+01,-5.132282459290052401e+01,-5.028471455385864886e+01,-4.979471651121129128e+01
4.569059112267847667e+00,-5.765629374744519708e+01,-5.765627765519793968e+01,-5.765614285502284986e+01,-5.765497080216223225e+01,-5.763990622916754347e+01,-5.752430651420431218e+01,-5.665929483214645757e+01,-5.366103783230067137e+01,-5.129847596516879804e+01,-5.024993690276757974e+01,-4.982353144781689025e+01
4.478841097506172098e+00,-5.765629381929660013e+01,-5.765627767908520696e+01,-5.765614089742009440e+01,-5.765491278613531989e+01,-5.763929453896254529e+01,-5.752340376358085905e+01,-5.663632499542565313e+01,-5.360768296772133112e+01,-5.123913403928421673e+01,-5.022723190501432100e+01,-4.976315642412507145e+01
4.390351294913048541e+00,-5.765629390315403668e+01,-5.765627774532925542e+01,-5.765613911766392619e+01,-5.765485177980144726e+01,-5.763870996332615704e+01,-5.752265986702208522e+01,-5.661174515419610032e+01,-5.354384443280469696e+01,-5.122593933696852275e+01,-5.019742765371434956e+01,-4.980676749915643597e+01
4.303556598935135646e+00,-5.765629398927443816e+01,-5.765627780215464071e+01,-5.765613714239738385e+01,-5.765478466218286258e+01,-5.763812261017734073e+01,-5.752176931215853983e+01,-5.658414605828490807e+01,-5.348487158109364259e+01,-5.118334866605179911e+01,-5.018526227574452037e+01,-4.974950150862787979e+01
4.218424538187568018e+00,-5.765629407911655591e+01,-5.765627785362399038e+01,-5.765613497894653250e+01,-5.765471145142902998e+01,-5.763753997502863058e+01,-5.752070171419235578e+01,-5.655315049762181445e+01,-5.342233329414558085e+01,-5.114631758887686885e+01,-5.014673601619168863e+01,-4.977597083141041168e+01
4.134923263305840813e+00,-5.765629417144798197e+01,-5.765627788143683574e+01,-5.765613242542799100e+01,-5.765463010175988501e+01,-5.763694537141755347e+01,-5.751924271494873864e+01,-5.651744393901795149e+01,-5.335530844560100405e+01,-5.111446002758312801e+01,-5.015758085315160741e+01,-4.975647097609483183e+01
4.053021535030423728e+00,-5.765629426731669582e+01,-5.765627789582289608e+01,-5.765612958334793348e+01,-5.765454187527181773e+01,-5.763636219023943141e+01,-5.751744762250881848e+01,-5.647775136865193701e+01,-5.328784824674212217e+01,-5.107952269311018512e+01,-5.010151919426761680e+01,-4.973787697037180777e+01
3.972688712519609311e+00,-5.765629436033172794e+01,-5.765627783068474344e+01,-5.765612578485424677e+01,-5.765443964575143809e+01,-5.763571846870119231e+01,-5.751470266533571873e+01,-5.643102353389240022e+01,-5.324100298977553791e+01,-5.101770652187498456e+01,-5.013950536786420287e+01,-4.979700367887049595e+01
3.893894741886260835e+00,-5.765629445995001845e+01,-5.765627776427992757e+01,-5.765612176089864960e+01,-5.765433176600495102e+01,-5.763511759639069965e+01,-5.751156133048497310e+01,-5.638020573921166090e+01,-5.317278479351934095e+01,-5.098435507434850678e+01,-5.005700024991740804e+01,-4.970455763453797715e+01
3.816610144954122763e+00,-5.765629456162149324e+01,-5.765627765035591068e+01,-5.765611704660997106e+01,-5.765421372902303432e+01,-5.763451712838079999e+01,-5.750756389391676748e+01,-5.632335363376478199e+01,-5.309914278535223531e+01,-5.095492950644455021e+01,-5.011187178438136414e+01,-4.990923712849702554e+01
3.740806008229542012e+00,-5.765629466394830160e+01,-5.765627747938385994e+01,-5.765611156077865473e+01,-5.765408559064194804e+01,-5.763392572040950057e+01,-5.750257240225190714e+01,-5.626025957159174595e+01,-5.301804672001093621e+01,-5.093153533782889042e+01,-5.005887075122065255e+01,-4.970425177928360227e+01
3.666453972084428692e+00,-5.765629476396683373e+01,-5.765627720113548094e+01,-5.765610473603798880e+01,-5.765394143990277342e+01,-5.763329117132155233e+01,-5.749600786064206659e+01,-5.618869894529299813e+01,-5.294215125623231444e+01,-5.090170982048766035e+01,-5.004687302661859150e+01,-4.973903054910388732e+01
3.593526220146429750e+00,-5.765629486337844867e+01,-5.765627683235926071e+01,-5.765609673904775434e+01,-5.765378488570541293e+01,-5.763265743139469066e+01,-5.748790181121317744e+01,-5.610926154274975630e+01,-5.285420193850892190e+01,-5.088111806638193002e+01,-5.009969848520901792e+01,-4.980048898243627065e+01
3.521995468892353376e+00,-5.765629495835712248e+01,-5.765627629188715986e+01,-5.765608662252062544e+01,-5.765360560469161300e+01,-5.763193314317192062e+01,-5.747730992029167396e+01,-5.601964425461345343e+01,-5.277719596858938189e+01,-5.085350230694011486e+01,-5.001545039505113976e+01,-4.969075245812352648e+01
3.451834957440929941e+00,-5.765629504932923766e+01,-5.765627557868265995e+01,-5.765607435935257996e+01,-5.765340585787619432e+01,-5.763114724149501455e+01,-5.746405891402451260e+01,-5.592012244850459268e+01,-5.269630919711339345e+01,-5.082694747228013910e+01,-5.003565154016195038e+01,-4.974875006905139685e+01
3.383018437541107204e+00,-5.765629513406366158e+01,-5.765627464757597664e+01,-5.765605942564133102e+01,-5.765318230942230571e+01,-5.763027181151480960e+01,-5.744752892156015633e+01,-5.580987697300774641e+01,-5.261188848551917374e+01,-5.080279995654208136e+01,-5.008719710014251802e+01,-4.983727026889216916e+01
3.315520163752133431e+00,-5.765629520929881835e+01,-5.765627354193846799e+01,-5.765604249537997106e+01,-5.765294933167101021e+01,-5.762941745794991277e+01,-5.742818292778162004e+01,-5.568450790006297524e+01,-5.249407018885172960e+01,-5.080561361527870190e+01,-5.002178197071779664e+01,-4.970069982733041769e+01
3.249314883811741606e+00,-5.765629526877133060e+01,-5.765627204633533154e+01,-5.765602093131073502e+01,-5.765267699622537378e+01,-5.762832023981351881e+01,-5.740349302552063904e+01,-5.554286942531759053e+01,-5.239231608505674131e+01,-5.079554414813204488e+01,-5.000380852444392588e+01,-4.970269247411277291e+01
3.184377829188847375e+00,-5.765629530910162970e+01,-5.765626992472137857e+01,-5.765599173387888499e+01,-5.765233277646908050e+01,-5.762671554062040258e+01,-5.737052683411042153e+01,-5.540050182924082378e+01,-5.232340961626785969e+01,-5.076155434368293129e+01,-5.004656033498279299e+01,-4.978433398418322753e+01
3.120684705817216908e+00,-5.765629532111250199e+01,-5.765626725354629656e+01,-5.765595619963330876e+01,-5.765194587807714299e+01,-5.762479265822567243e+01,-5.733038930320278581e+01,-5.523995282028754872e+01,-5.223809145814129806e+01,-5.073718655958337109e+01,-5.008113264695581535e+01,-4.989091460010013890e+01
3.058211685006638536e+00,-5.765629529167377143e+01,-5.765626391932045891e+01,-5.765591325038466408e+01,-5.765151508855689855e+01,-5.762246215555104811e+01,-5.728215932463490390e+01,-5.505650989486645130e+01,-5.213907961412043335e+01,-5.073124332202861098e+01,-5.005216059615398905e+01,-4.975020615774361232e+01
2.996935394528201346e+00,-5.765629520071132674e+01,-5.765625963753650751e+01,-5.765585977701525877e+01,-5.765101604312749828e+01,-5.761943159067901377e+01,-5.722323418454155330e+01,-5.484580057414775212e+01,-5.204856280626789555e+01,-5.073370582630229819e+01,-5.001580366113942233e+01,-4.970682618807867925e+01
2.936832909870343400e+00,-5.765629502922032401e+01,-5.765625370688861295e+01,-5.765578715196632231e+01,-5.765036263091452184e+01,-5.761492919996220508e+01,-5.714625946004048274e+01,-5.464512707418916193e+01,-5.196313131996974022e+01,-5.071609135204150931e+01,-5.000150893923207462e+01,-4.969387836113446610e+01
2.877881745662398405e+00,-5.765629474017684686e+01,-5.765624608454351829e+01,-5.765569598358528935e+01,-5.764958920045368984e+01,-5.760894158442704338e+01,-5.705321069267429124e+01,-5.441876550171988214e+01,-5.188641075757690402e+01,-5.071048924371318378e+01,-5.000113506034080046e+01,-4.969468472718680374e+01
2.820059847262435415e+00,-5.765629425954627862e+01,-5.765623590276937449e+01,-5.765557719585389407e+01,-5.764861965489358653e+01,-5.760056887737366083e+01,-5.693809637274117108e+01,-5.416573708890802408e+01,-5.184071364744542620e+01,-5.071405165394136816e+01,-5.000558334985583286e+01,-4.969817417179299213e+01
2.763345582506232745e+00,-5.765629352736355173e+01,-5.765622189806659037e+01,-5.765541606271458619e+01,-5.764732390726179290e+01,-5.758833619208763821e+01,-5.679272766672582406e+01,-5.392963734684404642e+01,-5.177304629581468731e+01,-5.070702052848864838e+01,-5.000905676691106549e+01,-4.969859566520976557e+01
2.707717733614322775e+00,-5.765629237706095012e+01,-5.765620257992343056e+01,-5.765519824559909523e+01,-5.764558925760372432e+01,-5.757065681667909729e+01,-5.660956199421710267e+01,-5.368288654043029595e+01,-5.173626422390957913e+01,-5.070789428432946266e+01,-5.001670342874231778e+01,-4.969915900400788900e+01
2.653155489254046984e+00,-5.765629062523466786e+01,-5.765617529907602545e+01,-5.765489470128864014e+01,-5.764315093655865496e+01,-5.754447131044511821e+01,-5.638875415868348995e+01,-5.344843275874735866e+01,-5.163398807109731337e+01,-5.069312023260474120e+01,-5.003968420512078552e+01,-4.971118966749988033e+01
2.599638436753688886e+00,-5.765628787217143270e+01,-5.765613644035184393e+01,-5.765447053452729875e+01,-5.763968309909756726e+01,-5.750595681967580930e+01,-5.611044114720980502e+01,-5.320891725550682594e+01,-5.159222032079738796e+01,-5.069405867969636859e+01,-5.008165107737927713e+01,-4.976058858285782804e+01
2.547146554465735235e+00,-5.765628354125255584e+01,-5.765608000681464773e+01,-5.765386514875231683e+01,-5.763457572061443557e+01,-5.744884506228847698e+01,-5.572780711549196297e+01,-5.303737453389952350e+01,-5.167771826345123998e+01,-5.072010479458946008e+01,-5.009627517482640258e+01,-4.991745429376641852e+01
2.495660204276439309e+00,-5.765627657547203455e+01,-5.765599422369463412e+01,-5.765295723556913998e+01,-5.762658425931501682e+01,-5.736183823332454779e+01,-5.531243843514180014e+01,-5.287635492368745105e+01,-5.167455931223295806e+01,-5.073099399112803098e+01,-5.005411818070809460e+01,-4.978577027572595171e+01
2.445160124258864975e+00,-5.765626503015705850e+01,-5.765586009306789350e+01,-5.765155880855947146e+01,-5.761369171432276204e+01,-5.722943212261812818e+01,-5.488079651941819037e+01,-5.269119668754291297e+01,-5.160995091608602081e+01,-5.073440327851974985e+01,-5.005619550402771978e+01,-4.971163772790159641e+01
2.395627421466666185e+00,-5.765624550237497203e+01,-5.765564509333638910e+01,-5.764935083559898032e+01,-5.759236588161624582e+01,-5.703058905781816179e+01,-5.443384927327281986e+01,-5.253370487100532671e+01,-5.156051199553640885e+01,-5.074290299091428125e+01,-5.011469268231145691e+01,-4.983085898122370594e+01
2.347043564865914700e+00,-5.765621098685692658e+01,-5.765528166639983709e+01,-5.764566969715609446e+01,-5.755542478467550893e+01,-5.673213610827496467e+01,-5.401796286466868224e+01,-5.246567804799022383e+01,-5.158400714589279801e+01,-5.076879935899613372e+01,-5.006724900361266606e+01,-4.977464936724557987e+01
2.299390378402322188e+00,-5.765614735865121787e+01,-5.765463593859946911e+01,-5.763921252588549748e+01,-5.748928292138232621e+01,-5.628305482836125151e+01,-5.373162174739444197e+01,-5.248027778130330745e+01,-5.166015416430984430e+01,-5.081106184091098754e+01,-5.012414958410777643e+01,-4.975177065174210611e+01
2.252650034201264972e+00,-5.765602686950194311e+01,-5.765345530800873775e+01,-5.762757176260847558e+01,-5.737127163791243589e+01,-5.569721597936626267e+01,-5.350026827582713196e+01,-5.242182683554443656e+01,-5.164903529532362114e+01,-5.084501871173905840e+01,-5.010255562009515984e+01,-4.983034143574761998e+01
2.206805045898073026e+00,-5.765577869524555155e+01,-5.765106157413590893e+01,-5.760422671823987173e+01,-5.714982633090860986e+01,-5.513040317477140206e+01,-5.355621698575159684e+01,-5.261334021939873651e+01,-5.184240483653822906e+01,-5.093206380418547496e+01,-5.015351536066247462e+01,-4.975759858047495499e+01
2.161838262096074104e+00,-5.765531241617785696e+01,-5.764666040701324334e+01,-5.756207151196201011e+01,-5.680617843059529548e+01,-5.475319173120200844e+01,-5.343067188172764759e+01,-5.254525723499381229e+01,-5.179426502411655520e+01,-5.097978632983460301e+01,-5.014732640516800899e+01,-4.981605771169689234e+01
2.117732859949972291e+00,-5.765442033783975262e+01,-5.763820250035473691e+01,-5.748257851923089135e+01,-5.636334801732241573e+01,-5.478675695767414311e+01,-5.366286991327558553e+01,-5.278860026623301849e+01,-5.200143431517800963e+01,-5.110522358548730182e+01,-5.021278660050848686e+01,-4.980790763199465232e+01
2.074472338872124677e+00,-5.765338177072264614e+01,-5.762814718475845410e+01,-5.739022320717579362e+01,-5.619813808927674614e+01,-5.495451480093512941e+01,-5.387995565338724191e+01,-5.297885674877247197e+01,-5.214860659851824920e+01,-5.123047010101691257e+01,-5.022435958912516440e+01,-4.980181559031377958e+01
2.032040514359391370e+00,-5.765410621972273475e+01,-5.763459850706038878e+01,-5.744751066715917887e+01,-5.632478235103571507e+01,-5.504169174942402520e+01,-5.389169145090784951e+01,-5.293255339267643933e+01,-5.207018355291945255e+01,-5.123594216091190390e+01,-5.029564784686512269e+01,-4.989770938988857552e+01
1.990421511938236909e+00,-5.765549062357654719e+01,-5.764784615716784799e+01,-5.757178156868035046e+01,-5.696960385534730165e+01,-5.560597102064446773e+01,-5.431472090059590130e+01,-5.322536425256969039e+01,-5.226434919828331971e+01,-5.134662391379895041e+01,-5.033811263581007722e+01,-4.982800991520705480e+01
1.949599761225814687e+00,-5.765614291759482057e+01,-5.765453075481298839e+01,-5.763797843724013603e+01,-5.748785613113023629e+01,-5.660412415426662847e+01,-5.491964418910514212e+01,-5.358590344756053270e+01,-5.247866661483129747e+01,-5.145638899194940308e+01,-5.042667699920734492e+01,-4.994741980884663235e+01
1.909559990104818139e+00,-5.765627010435274968e+01,-5.765594882579748770e+01,-5.765256532716596638e+01,-5.762067766579778549e+01,-5.739492101574692384e+01,-5.607394129203860444e+01,-5.439131609690110736e+01,-5.303784555762175756e+01,-5.181259946012644235e+01,-5.053075061688109315e+01,-4.990909200586455796e+01
1.870287219009925561e+00,-5.765629320433209415e+01,-5.765623073591151382e+01,-5.765554261842859063e+01,-5.764889394781619814e+01,-5.759945826369422406e+01,-5.717144540315036494e+01,-5.518353483156491279e+01,-5.328680711591405839e+01,-5.186609828871824845e+01,-5.064488429628237753e+01,-4.996041523252544181e+01
1.831766755323682494e+00,-5.765629664372576713e+01,-5.765628169278539872e+01,-5.765610441958051524e+01,-5.765435347393498944e+01,-5.764066560579612286e+01,-5.752041047833790088e+01,-5.655643540425847959e+01,-5.397857059823612502e+01,-5.216663402302506825e+01,-5.080482454776277734e+01,-5.007399875609566209e+01
1.793984187879741343e+00,-5.765629724371579812e+01,-5.765629368231680019e+01,-5.765624324467651718e+01,-5.765572782213832426e+01,-5.765145132022460928e+01,-5.761329963762651829e+01,-5.726586897857011138e+01,-5.503139937274491444e+01,-5.242917118605912208e+01,-5.097736912319594893e+01,-5.008499279172570340e+01
1.756925381571404099e+00,-5.765629725842513409e+01,-5.765629657657115104e+01,-5.765628087359858966e+01,-5.765610992766386289e+01,-5.765462797926329586e+01,-5.764044799342486414e+01,-5.750714893836711639e+01,-5.631140594020465784e+01,-5.292592853585200885e+01,-5.120059255905189133e+01,-5.015013310828074822e+01
1.720576472063422901e+00,-5.765629719847865431e+01,-5.765629730617104087e+01,-5.765629237237720872e+01,-5.765623033354984273e+01,-5.765568510569181626e+01,-5.764973986994174027e+01,-5.759289513152010187e+01,-5.703027148002374247e+01,-5.358728992535745306e+01,-5.133442947946191737e+01,-5.025294648018941501e+01
1.684923860605129331e+00,-5.765629712040915678e+01,-5.765629738434259366e+01,-5.765629587004933398e+01,-5.765627074831571264e+01,-5.765604768534898028e+01,-5.765319346849332760e+01,-5.762568386616853644e+01,-5.735516758831978024e+01,-5.463056873122700097e+01,-5.167983030656202459e+01,-5.038464204090966803e+01
1.649954208942896683e+00,-5.765629706934856102e+01,-5.765629735624088426e+01,-5.765629711484361053e+01,-5.765628655856681206e+01,-5.765618631795690874e+01,-5.765475360520625969e+01,-5.764054400857724403e+01,-5.750387641684031337e+01,-5.570000925400455571e+01,-5.192271985677126622e+01,-5.053213140916052026e+01
1.615654434330079825e+00,-5.765629702682083035e+01,-5.765629728326707948e+01,-5.765629749918441860e+01,-5.765629319691718990e+01,-5.765624443561545576e+01,-5.765549356184266827e+01,-5.764774120082692122e+01,-5.757455090254418195e+01,-5.646758166012670443e+01,-5.240046975967368326e+01,-5.071969464319217735e+01
1.582011704632526605e+00,-5.765629699638488859e+01,-5.765629721773137817e+01,-5.765629759905522889e+01,-5.765629619210866963e+01,-5.765627176799581122e+01,-5.765588048151664680e+01,-5.765161518564828924e+01,-5.760981132760067425e+01,-5.693974488785756449e+01,-5.297780521320153468e+01,-5.094012748900100718e+01
1.549013433527862027e+00,-5.765629697286421163e+01,-5.765629715901868479e+01,-5.765629757005472555e+01,-5.765629745090409841e+01,-5.765628546216580474e+01,-5.765607698402451575e+01,-5.765369521687492238e+01,-5.762831338535030312e+01,-5.721936258731140157e+01,-5.368334199879987523e+01,-5.120470931291380623e+01
1.516647275796725980e+00,-5.765629695535229615e+01,-5.765629711167684945e+01,-5.765629750070047521e+01,-5.765629790640317509e+01,-5.765629235001728858e+01,-5.765617637711775245e+01,-5.765483481418939959e+01,-5.763874140147554215e+01,-5.738250636737895150e+01,-5.443963940443375549e+01,-5.144834716255836327e+01
1.484901122704219922e+00,-5.765629694062859301e+01,-5.765629706942031163e+01,-5.765629741011343157e+01,-5.765629797223893149e+01,-5.765629558609679606e+01,-5.765622367449807228e+01,-5.765540990348916495e+01,-5.764446415053984651e+01,-5.748007867926273207e+01,-5.514454276958501566e+01,-5.184851529901187206e+01
1.453763097469813026e+00,-5.765629693023585389e+01,-5.765629703908467718e+01,-5.765629733947017854e+01,-5.765629794791899343e+01,-5.765629712373921478e+01,-5.765625168044079629e+01,-5.765574912737840663e+01,-5.764855767586631430e+01,-5.753983148522101487e+01,-5.576505956804502517e+01,-5.219080627913481862e+01
1.423221550824044890e+00,-5.765629692144057117e+01,-5.765629701289518749e+01,-5.765629727288846595e+01,-5.765629786649580524e+01,-5.765629783568098787e+01,-5.765626828928504466e+01,-5.765594094799843816e+01,-5.765111043256923296e+01,-5.757799432252058125e+01,-5.625219338057446805e+01,-5.265185284138433275e+01
1.393265056650323297e+00,-5.765629691424956604e+01,-5.765629699122671070e+01,-5.765629721508599914e+01,-5.765629777020656377e+01,-5.765629814976095702e+01,-5.765627896750084602e+01,-5.765605924974322960e+01,-5.765278112158389234e+01,-5.760258623383387544e+01,-5.662535884972072608e+01,-5.314356225901740061e+01
1.363882407710225841e+00,-5.765629690871043778e+01,-5.765629697444023805e+01,-5.765629716930416038e+01,-5.765629768479848138e+01,-5.765629827047878564e+01,-5.765628690213396368e+01,-5.765614097939407401e+01,-5.765405901410542810e+01,-5.761929295845359889e+01,-5.689645954624357671e+01,-5.363309583877103393e+01
1.335062611450678283e+00,-5.765629690407479302e+01,-5.765629696023079021e+01,-5.765629712886366320e+01,-5.765629759300812651e+01,-5.765629824574401852e+01,-5.765629148766375778e+01,-5.765619137165691654e+01,-5.765483762923098254e+01,-5.763016242421775814e+01,-5.709409345261162372e+01,-5.412614706928509634e+01
1.306794885891449320e+00,-5.765629690014208109e+01,-5.765629694806939654e+01,-5.765629709315162188e+01,-5.765629750187261493e+01,-5.765629814487314064e+01,-5.765629394960438958e+01,-5.765622202370634852e+01,-5.765529506499158430e+01,-5.763723494165309091e+01,-5.723853775572290914e+01,-5.460851885325755006e+01
1.279068655591429904e+00,-5.765629689682861425e+01,-5.765629693777003695e+01,-5.765629706236944685e+01,-5.765629741865744506e+01,-5.765629802281769400e+01,-5.765629534584691385e+01,-5.765624229061827322e+01,-5.765558209579030091e+01,-5.764216173037925017e+01,-5.734437625543388606e+01,-5.507247341965009468e+01
1.251873547692174515e+00,-5.765629689399688118e+01,-5.765629692895299030e+01,-5.765629703586468935e+01,-5.765629734613695945e+01,-5.765629791638775714e+01,-5.765629629444031679e+01,-5.765625797093486682e+01,-5.765578036908840431e+01,-5.764598982264236327e+01,-5.742493367384040681e+01,-5.551051881112447006e+01
1.225199388037243819e+00,-5.765629689151256088e+01,-5.765629692120376859e+01,-5.765629701243151572e+01,-5.765629728146981847e+01,-5.765629781648399899e+01,-5.765629694018977602e+01,-5.765626963821886619e+01,-5.765592004241091928e+01,-5.764880437324744378e+01,-5.748611720836714767e+01,-5.591727410773793849e+01
1.199036197365870970e+00,-5.765629688933397290e+01,-5.765629691439867344e+01,-5.765629699175518397e+01,-5.765629722387525646e+01,-5.765629772148871979e+01,-5.765629739438463019e+01,-5.765627850935252496e+01,-5.765602585344787911e+01,-5.765092508318148390e+01,-5.753248470453853969e+01,-5.628377395238182146e+01
1.173374187579555583e+00,-5.765629688743847936e+01,-5.765629690847129041e+01,-5.765629697367629092e+01,-5.765629717280570077e+01,-5.765629762911220269e+01,-5.765629769844622388e+01,-5.765628523357548829e+01,-5.765611023561843496e+01,-5.765257206410994684e+01,-5.756796909277773011e+01,-5.660380928263210620e+01
1.148203758080162951e+00,-5.765629688581114465e+01,-5.765629690337224389e+01,-5.765629695802083177e+01,-5.765629712736052426e+01,-5.765629753458726015e+01,-5.765629782874566445e+01,-5.765628964158334924e+01,-5.765617211978228340e+01,-5.765375405946794984e+01,-5.759410953036301350e+01,-5.687065857673584901e+01
1.123515492178177810e+00,-5.765629688443955558e+01,-5.765629689906509014e+01,-5.765629694470177213e+01,-5.765629708753137805e+01,-5.765629744110476906e+01,-5.765629781910471507e+01,-5.765629215899374316e+01,-5.765621348280575376e+01,-5.765454284971834653e+01,-5.761259983356012526e+01,-5.708195668125400601e+01
1.099300153569758187e+00,-5.765629688330763969e+01,-5.765629689550482340e+01,-5.765629693363166552e+01,-5.765629705359111057e+01,-5.765629735441616788e+01,-5.765629773234140032e+01,-5.765629352158469345e+01,-5.765624002634287137e+01,-5.765506196568313868e+01,-5.762559224659069201e+01,-5.724110396489236052e+01
1.075548682881279250e+00,-5.765629688238713157e+01,-5.765629689260567403e+01,-5.765629692458693256e+01,-5.765629702540101675e+01,-5.765629727899595025e+01,-5.765629762281670168e+01,-5.765629432658264619e+01,-5.765625680640324191e+01,-5.765540480859327488e+01,-5.763461879398992238e+01,-5.735442795075761069e+01
1.052252194280060671e+00,-5.765629688163738820e+01,-5.765629689024352444e+01,-5.765629691720130268e+01,-5.765629700219577813e+01,-5.765629721564953769e+01,-5.765629751624116039e+01,-5.765629483441087189e+01,-5.765626767929381913e+01,-5.765562985026457454e+01,-5.764057787784739872e+01,-5.743375214572905207e+01
1.029401972150027822e+00,-5.765629688103864936e+01,-5.765629688835713296e+01,-5.765629691130584433e+01,-5.765629698363481737e+01,-5.765629716514423819e+01,-5.765629743725509826e+01,-5.765629540109745932e+01,-5.765627549486982417e+01,-5.765579661269134704e+01,-5.764471307233848307e+01,-5.749830335302750228e+01
1.006989467831049367e+00,-5.765629688055333446e+01,-5.765629688682818710e+01,-5.765629690652819050e+01,-5.765629696861130782e+01,-5.765629712464319567e+01,-5.765629737691556755e+01,-5.765629592624753030e+01,-5.765628131767513054e+01,-5.765592803976883829e+01,-5.764804053824722274e+01,-5.754366368934046960e+01
9.850062964207366711e-01,-5.765629688015776821e+01,-5.765629688558200172e+01,-5.765629690263476448e+01,-5.765629695640035379e+01,-5.765629709217966337e+01,-5.765629733201392071e+01,-5.765629642016750722e+01,-5.765628572406271957e+01,-5.765603176813151975e+01,-5.765038634354641545e+01,-5.757086475411595927e+01
9.634442336375091953e-01,-5.765629687983018670e+01,-5.765629688454944812e+01,-5.765629689940536196e+01,-5.765629694627661905e+01,-5.765629706533601251e+01,-5.765629729316616192e+01,-5.765629681056995537e+01,-5.765628889280893077e+01,-5.765611065300537064e+01,-5.765202166870960099e+01,-5.759246608609380758e+01
9.422952127437467240e-01,-5.765629687954705673e+01,-5.765629688365614669e+01,-5.765629689660268298e+01,-5.765629693749104945e+01,-5.765629704191574234e+01,-5.765629725207259781e+01,-5.765629701204225199e+01,-5.765629096061038439e+01,-5.765616311057318910e+01,-5.765315147428616882e+01,-5.760807366018797637e+01
9.215513215278887671e-01,-5.765629687930012182e+01,-5.765629688287717158e+01,-5.765629689415377612e+01,-5.765629692981870136e+01,-5.765629702144391899e+01,-5.765629721242492423e+01,-5.765629711725219408e+01,-5.765629233232133544e+01,-5.765619982471127258e+01,-5.765395746163844137e+01,-5.761950142437166278e+01
9.012047993443343952e-01,-5.765629687908110412e+01,-5.765629688218519533e+01,-5.765629689197384522e+01,-5.765629692298486475e+01,-5.765629700311108508e+01,-5.765629717408047838e+01,-5.765629715544457667e+01,-5.765629331217895981e+01,-5.765622530973956827e+01,-5.765454345178056883e+01,-5.762830784603224998e+01
8.812480342100590391e-01,-5.765629687888342403e+01,-5.765629688156042931e+01,-5.765629689000399338e+01,-5.765629691681824909e+01,-5.765629698660644209e+01,-5.765629713824820612e+01,-5.765629715675790834e+01,-5.765629406925192768e+01,-5.765624301759361003e+01,-5.765497638883726239e+01,-5.763510023418874084e+01
8.616735599568341453e-01,-5.765629687870716680e+01,-5.765629688100337091e+01,-5.765629688824732568e+01,-5.765629691130289558e+01,-5.765629697169634227e+01,-5.765629710525406892e+01,-5.765629714609124790e+01,-5.765629477841209649e+01,-5.765625640766618432e+01,-5.765531486643023129e+01,-5.764060249263086888e+01
8.424740534380111834e-01,-5.765629687855222585e+01,-5.765629688051381407e+01,-5.765629688670263420e+01,-5.765629690644275485e+01,-5.765629695848065239e+01,-5.765629707556707473e+01,-5.765629713096609521e+01,-5.765629535994469279e+01,-5.765626664063800177e+01,-5.765557379595988152e+01,-5.764479354654002918e+01
8.236423317888023066e-01,-5.765629687842085360e+01,-5.765629688009887843e+01,-5.765629688539404185e+01,-5.765629690229625481e+01,-5.765629694695169860e+01,-5.765629704910455189e+01,-5.765629711587225614e+01,-5.765629587485988594e+01,-5.765627479408826161e+01,-5.765577571655951772e+01,-5.764809706810797252e+01
8.051713497390498020e-01,-5.765629687830998762e+01,-5.765629687974929141e+01,-5.765629688429174848e+01,-5.765629689879152409e+01,-5.765629693710754822e+01,-5.765629702588305605e+01,-5.765629709754472287e+01,-5.765629623147347615e+01,-5.765628081827785678e+01,-5.765592224701723723e+01,-5.765046230548428952e+01
7.870541969774689228e-01,-5.765629687821934368e+01,-5.765629687946228898e+01,-5.765629688338727732e+01,-5.765629689589884066e+01,-5.765629692884939317e+01,-5.765629700575394878e+01,-5.765629707727362074e+01,-5.765629647637397426e+01,-5.765628520565574178e+01,-5.765602748746975692e+01,-5.765212895060184906e+01
7.692840955663835523e-01,-5.765629687814415405e+01,-5.765629687922493929e+01,-5.765629688263900476e+01,-5.765629689350222975e+01,-5.765629692198673695e+01,-5.765629698865544128e+01,-5.765629705623735646e+01,-5.765629662903255337e+01,-5.765628825623029741e+01,-5.765610063512217209e+01,-5.765328289824838492e+01
7.518543974059810342e-01,-5.765629687808146997e+01,-5.765629687902682576e+01,-5.765629688201416769e+01,-5.765629689150027559e+01,-5.765629691627272280e+01,-5.765629697427377209e+01,-5.765629703600539813e+01,-5.765629672678465312e+01,-5.765629035407643954e+01,-5.765615142722871411e+01,-5.765411236105948944e+01
7.347585817471435909e-01,-5.765629687802764636e+01,-5.765629687885662236e+01,-5.765629688147593868e+01,-5.765629688978408041e+01,-5.765629691143881530e+01,-5.765629696225644096e+01,-5.765629701879597491e+01,-5.765629680745465180e+01,-5.765629190863219833e+01,-5.765618867343707166e+01,-5.765472971766597254e+01
7.179902527519281819e-01,-5.765629687797942182e+01,-5.765629687870440989e+01,-5.765629688099445360e+01,-5.765629688826548715e+01,-5.765629690727916312e+01,-5.765629695240757258e+01,-5.765629700718991302e+01,-5.765629690511509153e+01,-5.765629328555390032e+01,-5.765621940789698385e+01,-5.765524848768991006e+01
7.015431371007690986e-01,-5.765629687793564528e+01,-5.765629687856633012e+01,-5.765629688055801694e+01,-5.765629688689976007e+01,-5.765629690360496795e+01,-5.765629694413192396e+01,-5.765629700019479031e+01,-5.765629702813160407e+01,-5.765629462886333556e+01,-5.765624694874268386e+01,-5.765570717054774263e+01
6.854110816455253330e-01,-5.765629687789644464e+01,-5.765629687844204909e+01,-5.765629688016600340e+01,-5.765629688566820477e+01,-5.765629690025060938e+01,-5.765629693647270670e+01,-5.765629699324815505e+01,-5.765629713294690362e+01,-5.765629581753109534e+01,-5.765627015425400970e+01,-5.765604198682458303e+01
6.695880511074789876e-01,-5.765629687786183410e+01,-5.765629687833266104e+01,-5.765629687982125517e+01,-5.765629688457915591e+01,-5.765629689726375062e+01,-5.765629692961542929e+01,-5.765629698708706741e+01,-5.765629722995639383e+01,-5.765629688112191076e+01,-5.765628994112550032e+01,-5.765632710157868956e+01
6.540681258194362968e-01,-5.765629687783228974e+01,-5.765629687823952310e+01,-5.765629687952695548e+01,-5.765629688364376904e+01,-5.765629689466695851e+01,-5.765629692352935365e+01,-5.765629698090653932e+01,-5.765629730886889348e+01,-5.765629776356274760e+01,-5.765630586964164195e+01,-5.765656552908384214e+01
6.388454995110773860e-01,-5.765629687780770496e+01,-5.765629687816181104e+01,-5.765629687928156955e+01,-5.765629688285789456e+01,-5.765629689244232736e+01,-5.765629691792794631e+01,-5.765629697209239879e+01,-5.765629733050186445e+01,-5.765629824818604732e+01,-5.765631506523982353e+01,-5.765666499387818789e+01
6.239144771367320930e-01,-5.765629687778718448e+01,-5.765629687809670401e+01,-5.765629687907588874e+01,-5.765629688220136728e+01,-5.765629689058319940e+01,-5.765629691317123928e+01,-5.765629696376404212e+01,-5.765629733633183207e+01,-5.765629855249893154e+01,-5.765632101523018349e+01,-5.765671124734484465e+01
6.092694727447638403e-01,-5.765629687776976198e+01,-5.765629687804157300e+01,-5.765629687890057653e+01,-5.765629688164247568e+01,-5.765629688898486904e+01,-5.765629690881549152e+01,-5.765629695341259975e+01,-5.765629729221279831e+01,-5.765629849797008433e+01,-5.765632128310280535e+01,-5.765670625650642478e+01
5.949050073877716338e-01,-5.765629687775434320e+01,-5.765629687799267344e+01,-5.765629687874556453e+01,-5.765629688115086537e+01,-5.765629688762206229e+01,-5.765629690527950402e+01,-5.765629694562559138e+01,-5.765629726690313817e+01,-5.765629849042569788e+01,-5.765632197147947124e+01,-5.765672867810584989e+01
5.808157070728185989e-01,-5.765629687774028156e+01,-5.765629687794823610e+01,-5.765629687860478469e+01,-5.765629688070037417e+01,-5.765629688634696492e+01,-5.765629690154025155e+01,-5.765629693424504154e+01,-5.765629717873618176e+01,-5.765629807918526950e+01,-5.765631648524585984e+01,-5.765663178074611039e+01
5.669963007509334352e-01,-5.765629687772764100e+01,-5.765629687790804780e+01,-5.765629687847724938e+01,-5.765629688029073208e+01,-5.765629688516915508e+01,-5.765629689795908774e+01,-5.765629692299184228e+01,-5.765629708405724330e+01,-5.765629760898583811e+01,-5.765630987681005593e+01,-5.765652970040540026e+01
5.534416183451164040e-01,-5.765629687771669154e+01,-5.765629687787289726e+01,-5.765629687836592865e+01,-5.765629687993038743e+01,-5.765629688413024923e+01,-5.765629689486734577e+01,-5.765629691417544933e+01,-5.765629701618380665e+01,-5.765629728593807357e+01,-5.765630523817416275e+01,-5.765647646292755724e+01
5.401465888161264273e-01,-5.765629687770726974e+01,-5.765629687784335999e+01,-5.765629687827257754e+01,-5.765629687962557881e+01,-5.765629688324150237e+01,-5.765629689224558518e+01,-5.765629690742654390e+01,-5.765629696459545528e+01,-5.765629706062212989e+01,-5.765630177162167058e+01,-5.765642188242632926e+01
5.271062382653203260e-01,-5.765629687769939693e+01,-5.765629687781853363e+01,-5.765629687819440363e+01,-5.765629687937367720e+01,-5.765629688251250684e+01,-5.765629689023839433e+01,-5.765629690361096493e+01,-5.765629694123234117e+01,-5.765629699604099301e+01,-5.765630053391413412e+01,-5.765637955197875897e+01
5.143156880738274372e-01,-5.765629687769266809e+01,-5.765629687779734525e+01,-5.765629687812855764e+01,-5.765629687916166546e+01,-5.765629688190713154e+01,-5.765629688863620572e+01,-5.765629690148671216e+01,-5.765629693035800329e+01,-5.765629701377672944e+01,-5.765630020396020683e+01,-5.765635096777585744e+01
5.017701530773794882e-01,-5.765629687768673506e+01,-5.765629687777842349e+01,-5.765629687806873704e+01,-5.765629687897187239e+01,-5.765629688139818398e+01,-5.765629688744943593e+01,-5.765629690131083152e+01,-5.765629694042777231e+01,-5.765629715090197749e+01,-5.765630159390422449e+01,-5.765637564924507785e+01
4.894649397760948428e-01,-5.765629687768111467e+01,-5.765629687776120704e+01,-5.765629687801369840e+01,-5.765629687879948762e+01,-5.765629688095090444e+01,-5.765629688649143958e+01,-5.765629690202575119e+01,-5.765629695995432513e+01,-5.765629734260532047e+01,-5.765630378949298063e+01,-5.765640992418961019e+01
4.773954445785622003e-01,-5.765629687767641087e+01,-5.765629687774605117e+01,-5.765629687796525360e+01,-5.765629687864768016e+01,-5.765629688055440027e+01,-5.765629688564102651e+01,-5.765629690273327412e+01,-5.765629698090164368e+01,-5.765629752883050685e+01,-5.765630607567996435e+01,-5.765642063510868098e+01
4.655571520795562246e-01,-5.765629687767225420e+01,-5.765629687773315482e+01,-5.765629687792456792e+01,-5.765629687852006668e+01,-5.765629688021619614e+01,-5.765629688493784499e+01,-5.765629690392769646e+01,-5.765629700608739228e+01,-5.765629773370876165e+01,-5.765630872214239133e+01,-5.765643498912290710e+01
4.539456333707479474e-01,-5.765629687766874412e+01,-5.765629687772279510e+01,-5.765629687789041213e+01,-5.765629687841568796e+01,-5.765629687992220198e+01,-5.765629688428534649e+01,-5.765629690373052085e+01,-5.765629702052914496e+01,-5.765629784594923990e+01,-5.765631029079563774e+01,-5.765645912563650910e+01
4.425565443837738422e-01,-5.765629687766577405e+01,-5.765629687771321699e+01,-5.765629687786059066e+01,-5.765629687832461769e+01,-5.765629687966651318e+01,-5.765629688370216854e+01,-5.765629690283992659e+01,-5.765629702792652012e+01,-5.765629789707359976e+01,-5.765631112964008764e+01,-5.765648972568973818e+01
4.313856242650462303e-01,-5.765629687766281819e+01,-5.765629687770437783e+01,-5.765629687783366819e+01,-5.765629687824051786e+01,-5.765629687944158377e+01,-5.765629688322517410e+01,-5.765629690271764929e+01,-5.765629704001091937e+01,-5.765629797604066198e+01,-5.765631238392037972e+01,-5.765651309360209353e+01
4.204286937816927860e-01,-5.765629687766031708e+01,-5.765629687769664713e+01,-5.765629687780953105e+01,-5.765629687815813753e+01,-5.765629687920496593e+01,-5.765629688251734564e+01,-5.765629689968318417e+01,-5.765629702442535631e+01,-5.765629785117071293e+01,-5.765631096665016742e+01,-5.765648223922284643e+01
4.096816537580370010e-01,-5.765629687765825651e+01,-5.765629687769027356e+01,-5.765629687778955059e+01,-5.765629687808765880e+01,-5.765629687900317180e+01,-5.765629688195335945e+01,-5.765629689809401981e+01,-5.765629701890038206e+01,-5.765629780156885431e+01,-5.765631055157660256e+01,-5.765645556840659935e+01
3.991404835420219177e-01,-5.765629687765665068e+01,-5.765629687768477396e+01,-5.765629687777227019e+01,-5.765629687803034642e+01,-5.765629687882496768e+01,-5.765629688135513220e+01,-5.765629689541773928e+01,-5.765629700065552754e+01,-5.765629766525521660e+01,-5.765630891470272701e+01,-5.765642315579221844e+01
3.888012395010197464e-01,-5.765629687765516564e+01,-5.765629687767983569e+01,-5.765629687775597034e+01,-5.765629687798399061e+01,-5.765629687867517816e+01,-5.765629688083240012e+01,-5.765629689273857394e+01,-5.765629698168783790e+01,-5.765629752500063177e+01,-5.765630715173129772e+01,-5.765639971229351346e+01
3.786600535464481054e-01,-5.765629687765392219e+01,-5.765629687767514611e+01,-5.765629687774092815e+01,-5.765629687794293545e+01,-5.765629687854090690e+01,-5.765629688036592881e+01,-5.765629688994921764e+01,-5.765629696262393367e+01,-5.765629738580105368e+01,-5.765630532244119877e+01,-5.765638592038053645e+01
3.687131316866525399e-01,-5.765629687765279954e+01,-5.765629687767147260e+01,-5.765629687772778311e+01,-5.765629687790351454e+01,-5.765629687841417450e+01,-5.765629687992796448e+01,-5.765629688693617538e+01,-5.765629693996815774e+01,-5.765629722658350431e+01,-5.765630307323560544e+01,-5.765636547409241786e+01
3.589567526075108095e-01,-5.765629687765176925e+01,-5.765629687766814726e+01,-5.765629687771543388e+01,-5.765629687786227464e+01,-5.765629687829071059e+01,-5.765629687956128890e+01,-5.765629688465090652e+01,-5.765629692301670417e+01,-5.765629711091134624e+01,-5.765630138883449263e+01,-5.765634319441542743e+01
3.493872662802218754e-01,-5.765629687765090949e+01,-5.765629687766503508e+01,-5.765629687770559997e+01,-5.765629687782551827e+01,-5.765629687818565685e+01,-5.765629687929034475e+01,-5.765629688290796651e+01,-5.765629690983953992e+01,-5.765629702692582015e+01,-5.765630008107326887e+01,-5.765633141399475647e+01
3.400010925957712704e-01,-5.765629687764985789e+01,-5.765629687766218581e+01,-5.765629687769724399e+01,-5.765629687779406254e+01,-5.765629687809562398e+01,-5.765629687904448275e+01,-5.765629688154196941e+01,-5.765629689949868464e+01,-5.765629696812381866e+01,-5.765629906019469075e+01,-5.765632302316044644e+01
3.307947200255484943e-01,-5.765629687764884181e+01,-5.765629687765979838e+01,-5.765629687769041567e+01,-5.765629687777192203e+01,-5.765629687802258729e+01,-5.765629687878973897e+01,-5.765629688058957925e+01,-5.765629689129167446e+01,-5.765629692864018807e+01,-5.765629824332049225e+01,-5.765630968988285332e+01
3.217647043076250490e-01,-5.765629687764843680e+01,-5.765629687765807176e+01,-5.765629687768523581e+01,-5.765629687775616219e+01,-5.765629687797517278e+01,-5.765629687859924957e+01,-5.765629688012982257e+01,-5.765629688520828466e+01,-5.765629690762879989e+01,-5.765629762442480200e+01,-5.765629991752381756e+01
3.129076671581961788e-01,-5.765629687764801048e+01,-5.765629687765658673e+01,-5.765629687767997780e+01,-5.765629687773733281e+01,-5.765629687793897773e+01,-5.765629687848879570e+01,-5.765629687985886420e+01,-5.765629688251732432e+01,-5.765629690682708031e+01,-5.765629734886952207e+01,-5.765630159159638168e+01
3.042202950077075863e-01,-5.765629687764770495e+01,-5.765629687765478906e+01,-5.765629687767535216e+01,-5.765629687771821210e+01,-5.765629687790462299e+01,-5.765629687840943518e+01,-5.765629687950341520e+01,-5.765629688124028718e+01,-5.765629691554706682e+01,-5.765629722610751173e+01,-5.765631209597347606e+01
2.956993377611917273e-01,-5.765629687764712941e+01,-5.765629687765312639e+01,-5.765629687767076206e+01,-5.765629687770400125e+01,-5.765629687785739321e+01,-5.765629687829419225e+01,-5.765629687926309543e+01,-5.765629688086909965e+01,-5.765629692959680597e+01,-5.765629723109564253e+01,-5.765632114576673928e+01
2.873416075823522764e-01,-5.765629687764680966e+01,-5.765629687765184741e+01,-5.765629687766756462e+01,-5.765629687769951772e+01,-5.765629687782509194e+01,-5.765629687822456617e+01,-5.765629687920781521e+01,-5.765629688161588717e+01,-5.765629694876826505e+01,-5.765629732989314249e+01,-5.765631992175546117e+01
2.791439777009384060e-01,-5.765629687764652545e+01,-5.765629687765176925e+01,-5.765629687766824674e+01,-5.765629687770406520e+01,-5.765629687783115287e+01,-5.765629687829763128e+01,-5.765629687927968661e+01,-5.765629688397189057e+01,-5.765629697539976917e+01,-5.765629749732175924e+01,-5.765631282921124523e+01
2.711033812429685663e-01,-5.765629687764661782e+01,-5.765629687765213873e+01,-5.765629687767045652e+01,-5.765629687770908873e+01,-5.765629687784719692e+01,-5.765629687841514084e+01,-5.765629687939773618e+01,-5.765629688735895542e+01,-5.765629700297272109e+01,-5.765629769429786933e+01,-5.765630382698745393e+01
2.632168100833577884e-01,-5.765629687764577938e+01,-5.765629687764942446e+01,-5.765629687766143263e+01,-5.765629687767862777e+01,-5.765629687775312817e+01,-5.765629687813448356e+01,-5.765629687882353238e+01,-5.765629688736752456e+01,-5.765629700254631729e+01,-5.765629777485425933e+01,-5.765629238419719371e+01
2.554813137205287910e-01,-5.765629687764492672e+01,-5.765629687764672440e+01,-5.765629687765268585e+01,-5.765629687764986500e+01,-5.765629687767201261e+01,-5.765629687785005331e+01,-5.765629687868576525e+01,-5.765629688739804948e+01,-5.765629700786294620e+01,-5.765629789434979813e+01,-5.765628756390963616e+01
2.478939981725771791e-01,-5.765629687764589306e+01,-5.765629687764936051e+01,-5.765629687766012523e+01,-5.765629687767709299e+01,-5.765629687777332890e+01,-5.765629687809577320e+01,-5.765629687998299602e+01,-5.765629689103749911e+01,-5.765629702349873753e+01,-5.765629801263003174e+01,-5.765629392364053274e+01
2.404520248945836713e-01,-5.765629687764658939e+01,-5.765629687765181899e+01,-5.765629687766784883e+01,-5.765629687770115908e+01,-5.765629687786676527e+01,-5.765629687838070083e+01,-5.765629688078343662e+01,-5.765629689426726401e+01,-5.765629703982222054e+01,-5.765629812297323298e+01,-5.765630673695994801e+01
2.331526097166664313e-01,-5.765629687764430855e+01,-5.765629687764455014e+01,-5.765629687764526068e+01,-5.765629687761821032e+01,-5.765629687761697397e+01,-5.765629687764401723e+01,-5.765629687817698112e+01,-5.765629688749197612e+01,-5.765629700992605677e+01,-5.765629802653636915e+01,-5.765631319179892955e+01
2.259930218023733506e-01,-5.765629687764514699e+01,-5.765629687764771205e+01,-5.765629687765430589e+01,-5.765629687764553779e+01,-5.765629687768457501e+01,-5.765629687792078784e+01,-5.765629687887007293e+01,-5.765629689069805863e+01,-5.765629701365904936e+01,-5.765629804238881206e+01,-5.765631380041137533e+01
2.189705826270320344e-01,-5.765629687764756994e+01,-5.765629687765611777e+01,-5.765629687768043254e+01,-5.765629687772490541e+01,-5.765629687793627056e+01,-5.765629687877823528e+01,-5.765629688118779228e+01,-5.765629689784024237e+01,-5.765629703291340746e+01,-5.765629806053413375e+01,-5.765631170286285823e+01
2.120826649756652749e-01,-5.765629687764172218e+01,-5.765629687763775024e+01,-5.765629687762223199e+01,-5.765629687752955590e+01,-5.765629687734180919e+01,-5.765629687691668437e+01,-5.765629687565662920e+01,-5.765629687998951880e+01,-5.765629696774347934e+01,-5.765629782425469330e+01,-5.765631377365330934e+01
2.053266919601067220e-01,-5.765629687764437250e+01,-5.765629687764624833e+01,-5.765629687764981526e+01,-5.765629687761681055e+01,-5.765629687760792166e+01,-5.765629687768916511e+01,-5.765629687860985797e+01,-5.765629688764304461e+01,-5.765629697584142122e+01,-5.765629777915344789e+01,-5.765632282192699876e+01
1.987001360549414397e-01,-5.765629687764798916e+01,-5.765629687765787992e+01,-5.765629687768669953e+01,-5.765629687772985790e+01,-5.765629687798679015e+01,-5.765629687892213440e+01,-5.765629688174781364e+01,-5.765629689686558379e+01,-5.765629700167318106e+01,-5.765629774941290719e+01,-5.765632560337595436e+01
1.922005181519161054e-01,-5.765629687763878053e+01,-5.765629687762887556e+01,-5.765629687759337685e+01,-5.765629687743374632e+01,-5.765629687707730255e+01,-5.765629687600591780e+01,-5.765629687261788661e+01,-5.765629686885505123e+01,-5.765629690447063638e+01,-5.765629741698063526e+01,-5.765631643103947823e+01
1.858254066324615539e-01,-5.765629687764955236e+01,-5.765629687766386269e+01,-5.765629687770294254e+01,-5.765629687779932766e+01,-5.765629687821191141e+01,-5.765629687946180582e+01,-5.765629688357573457e+01,-5.765629690258694495e+01,-5.765629700215684039e+01,-5.765629771009758997e+01,-5.765630472118392902e+01
1.795724164579833304e-01,-5.765629687764239009e+01,-5.765629687764229061e+01,-5.765629687763380673e+01,-5.765629687757719068e+01,-5.765629687752228705e+01,-5.765629687736942088e+01,-5.765629687549770921e+01,-5.765629687626074684e+01,-5.765629692413680374e+01,-5.765629732661208351e+01,-5.765629607821868063e+01
1.734392082775766952e-01,-5.765629687764084110e+01,-5.765629687763669153e+01,-5.765629687761545341e+01,-5.765629687752739585e+01,-5.765629687732932496e+01,-5.765629687655807345e+01,-5.765629687423207628e+01,-5.765629687183749752e+01,-5.765629688371982553e+01,-5.765629719721234636e+01,-5.765629453773214408e+01
1.674234875528367583e-01,-5.765629687765417088e+01,-5.765629687767873435e+01,-5.765629687774934098e+01,-5.765629687793940406e+01,-5.765629687862018216e+01,-5.765629688090807292e+01,-5.765629688699865341e+01,-5.765629690769132765e+01,-5.765629701190833600e+01,-5.765629749866951670e+01,-5.765629626598168045e+01
1.615230036994305118e-01,-5.765629687763409095e+01,-5.765629687761387601e+01,-5.765629687754759658e+01,-5.765629687729600050e+01,-5.765629687658489644e+01,-5.765629687449294494e+01,-5.765629686756035710e+01,-5.765629684559331025e+01,-5.765629679956336417e+01,-5.765629678131850255e+01,-5.765629921241959721e+01
1.557355492451161227e-01,-5.765629687765631672e+01,-5.765629687768311129e+01,-5.765629687776835510e+01,-5.765629687801074255e+01,-5.765629687877738974e+01,-5.765629688148394649e+01,-5.765629688983902668e+01,-5.765629691614952890e+01,-5.765629700989881457e+01,-5.765629743874209368e+01,-5.765630741277348648e+01
1.500589590038892696e-01,-5.765629687763308198e+01,-5.765629687760914379e+01,-5.765629687753327204e+01,-5.765629687726470110e+01,-5.765629687643075840e+01,-5.765629687414465820e+01,-5.765629686574710178e+01,-5.765629684039809888e+01,-5.765629678352731702e+01,-5.765629658829687543e+01,-5.765630407705075555e+01
1.444911092659495189e-01,-5.765629687765778044e+01,-5.765629687768726797e+01,-5.765629687777573054e+01,-5.765629687807501824e+01,-5.765629687891734534e+01,-5.765629688166622913e+01,-5.765629689216621756e+01,-5.765629692511125626e+01,-5.765629700759986775e+01,-5.765629743641091665e+01,-5.765630282846328214e+01
1.390299170031847609e-01,-5.765629687763046007e+01,-5.765629687760153388e+01,-5.765629687750054444e+01,-5.765629687717472507e+01,-5.765629687621798638e+01,-5.765629687323271924e+01,-5.765629686268032117e+01,-5.765629682903315967e+01,-5.765629675735474535e+01,-5.765629637923589712e+01,-5.765629666360276673e+01
1.336733390898733886e-01,-5.765629687765498801e+01,-5.765629687767831513e+01,-5.765629687774565326e+01,-5.765629687798147529e+01,-5.765629687871908970e+01,-5.765629688062929148e+01,-5.765629688903490546e+01,-5.765629691611746210e+01,-5.765629697203519299e+01,-5.765629728769604867e+01,-5.765629817682197711e+01
1.284193715383177281e-01,-5.765629687763362909e+01,-5.765629687760848299e+01,-5.765629687753015276e+01,-5.765629687725131447e+01,-5.765629687654457314e+01,-5.765629687412129556e+01,-5.765629686448899349e+01,-5.765629683330945454e+01,-5.765629678171090688e+01,-5.765629638205705021e+01,-5.765629560587169777e+01
1.232660487491162027e-01,-5.765629687766178080e+01,-5.765629687769760636e+01,-5.765629687781629542e+01,-5.765629687819769345e+01,-5.765629687936805681e+01,-5.765629688270689712e+01,-5.765629689620971021e+01,-5.765629694062536714e+01,-5.765629702454423722e+01,-5.765629753595559492e+01,-5.765630002508177654e+01
1.182114427758001185e-01,-5.765629687763285460e+01,-5.765629687760813482e+01,-5.765629687753373389e+01,-5.765629687722420016e+01,-5.765629687645370183e+01,-5.765629687406600823e+01,-5.765629686300526657e+01,-5.765629682985277071e+01,-5.765629678692609872e+01,-5.765629631937357402e+01,-5.765629660522499478e+01
1.132536626035544058e-01,-5.765629687765827072e+01,-5.765629687768988987e+01,-5.765629687779377832e+01,-5.765629687809449422e+01,-5.765629687893063249e+01,-5.765629688179596002e+01,-5.765629689208684994e+01,-5.765629693163691627e+01,-5.765629700647814104e+01,-5.765629745986390731e+01,-5.765629930015325755e+01
