cf,70
0,95.260139465332
0.05,95.6228713989258
0.1,95.6291656494141
0.15,95.463981628418
0.2,95.4100036621094
0.25,95.6232223510742
0.3,95.337760925293
0.35,95.1445159912109
0.4,95.1726150512695
0.45,95.3120574951172
0.5,95.1035537719727
0.55,94.9675674438477
0.6,94.9566345214844
0.65,95.0945739746094
0.7,94.9631729125977
0.75,94.8302841186523
0.8,94.9013977050781
0.85,95.2509613037109
0.9,95.163932800293
0.95,95.0184783935547
1,95.0562286376953
1.05,95.2469711303711
1.1,95.061279296875
1.15,95.0683517456055
1.2,95.1499252319336
1.25,95.45751953125
1.3,95.4074325561524
1.35,95.218391418457
1.4,95.1800079345703
1.45,95.432731628418
1.5,95.1926727294922
1.55,95.168830871582
1.6,95.2827377319336
1.65,95.7189636230469
1.7,95.5256500244141
1.75,95.3163909912109
1.8,95.4761581420899
1.85,95.8451232910156
1.9,95.7579879760742
1.95,95.6664428710937
2,95.4063491821289
2.05,96.0321426391602
2.1,96.0820999145508
2.15,95.9327697753906
2.2,96.0488052368164
2.25,96.3514709472656
2.3,96.1866302490234
2.35,96.0538177490234
2.4,95.7528533935547
2.45,95.98828125
2.5,95.8796539306641
2.55,95.8020858764649
2.6,95.8312606811523
2.65,95.8126754760742
2.7,95.6817016601562
2.75,95.5617599487305
2.8,95.5279769897461
2.85,95.8262176513672
2.9,95.5235748291016
2.95,95.3762969970703
3,95.3064956665039
3.05,94.9246978759766
3.1,95.1074523925781
3.15,94.7480773925781
3.2,94.3052673339844
3.25,93.9530639648438
3.3,94.1889801025391
3.35,94.7913970947266
3.4,94.0204925537109
3.45,93.2648391723633
3.5,94.4425201416016
3.55,94.3393859863281
3.6,93.0843734741211
3.65,92.9073486328125
3.7,93.7543029785156
3.75,93.9176712036133
3.8,92.5521926879883
3.85,92.2518997192383
3.9,93.6417617797852
3.95,93.0557708740234
4,91.6469192504883
4.05,91.8490219116211
4.1,92.6921234130859
4.15,93.1642227172852
4.2,91.8177795410156
4.25,91.6526947021484
4.3,93.5810089111328
4.35,93.5526123046875
4.4,92.1936187744141
4.45,92.5108947753906
4.5,93.4028930664062
4.55,93.8321075439453
4.6,92.5023040771484
4.65,92.2272644042969
4.7,94.0456314086914
4.75,94.6522903442383
4.8,92.960823059082
4.85,92.8908538818359
4.9,93.6706085205078
4.95,93.8675308227539
5,93.7621383666992
5.05,94.0361785888672
5.1,95.5405349731445
5.15,95.404655456543
5.2,94.8001937866211
5.25,95.2178802490234
5.3,95.408317565918
5.35,94.9575729370117
5.4,94.5879592895508
5.45,94.6381378173828
5.5,96.2121810913086
5.55,95.7254943847656
5.6,94.3320541381836
5.65,94.9790954589844
5.7,96.3301391601562
5.75,95.5324096679687
5.8,94.5762939453125
5.85,94.3567352294922
5.9,94.8442077636719
5.95,94.2995986938477
6,93.5119476318359
6.05,94.1759414672852
6.1,94.9774856567383
6.15,94.3481140136719
6.2,94.0115509033203
6.25,95.4083862304688
6.3,98.0722198486328
6.35,97.3129501342774
6.4,96.0873870849609
6.45,97.3599472045899
6.5,98.2053070068359
6.55,96.3591156005859
6.6,94.6593246459961
6.65,96.8376922607422
6.7,96.8421249389649
6.75,93.9020690917969
6.8,94.1797561645508
6.85,97.4286346435547
6.9,99.6262512207031
6.95,97.6812515258789
7,98.4361419677734
7.05,99.3376846313477
7.1,99.1082153320312
7.15,97.559196472168
7.2,98.9727325439453
7.25,100.343109130859
7.3,99.4469375610352
7.35,97.090950012207
7.4,95.984260559082
7.45,96.0767059326172
7.5,96.6915664672852
7.55,97.0333557128906
7.6,102.04907989502
7.65,106.348693847656
7.7,115.987907409668
7.75,130.165557861328
7.8,148.049789428711
7.85,164.755386352539
7.9,185.263946533203
7.95,187.183151245117
8,187.458450317383
8.05,171.771942138672
8.1,129.966506958008
8.15,85.3384475708008
8.2,33.1658592224121
8.25,2.22526335716248
8.3,-0.423060357570648
8.35,1.46417760848999
8.4,-0.958310067653656
8.45,1.06035017967224
8.5,-3.55731391906738
8.55,41.2817459106445
8.6,148.825592041016
8.65,350.869354248047
8.7,644.846374511719
8.75,825.522033691406
8.8,940.632629394531
8.85,992.789001464844
8.9,1016.61932373047
8.95,1018.76190185547
9,969.939636230469
9.05,921.880432128906
9.1,819.453796386719
9.15,616.205871582031
9.2,297.250640869141
9.25,12.2273864746094
9.3,-7.1225790977478
9.35,4.66171789169312
9.4,-5.23744058609009
9.45,0.252881646156311
9.5,-4.27880144119263
9.55,15.9019317626953
9.6,104.704246520996
9.65,441.594085693359
9.7,896.543334960938
9.75,1058.25866699219
9.8,1148.44030761719
9.85,1173.99816894531
9.9,1172.7138671875
9.95,1157.60681152344
10,1088.27307128906
10.05,1031.1533203125
10.1,909.731506347656
10.15,648.596862792969
10.2,287.959899902344
10.25,13.7029495239258
10.3,-0.103180110454559
10.35,1.67249894142151
10.4,-5.39107179641724
10.45,0.462713837623596
10.5,-5.78792858123779
10.55,14.9051780700684
10.6,21.0736083984375
10.65,322.697204589844
10.7,840.153137207031
10.75,1002.49768066406
10.8,1089.07873535156
10.85,1122.47790527344
10.9,1100.927734375
10.95,1071.61279296875
11,992.7177734375
11.05,907.926452636719
11.1,702.266174316406
11.15,345.529602050781
11.2,116.170562744141
11.25,-1.43078565597534
11.3,-0.275713205337524
11.35,1.184086561203
11.4,-5.37373876571655
11.45,0.312457978725433
11.5,-7.19349384307861
11.55,12.0325727462769
11.6,-5.75951766967773
11.65,285.006530761719
11.7,765.461669921875
11.75,915.800842285156
11.8,996.835205078125
11.85,1027.41650390625
11.9,1004.74719238281
11.95,964.35107421875
12,862.077880859375
12.05,727.630554199219
12.1,417.712738037109
12.15,67.0816879272461
12.2,11.9904832839966
12.25,-3.30972814559937
12.3,-2.14137434959412
12.35,0.613658130168915
12.4,-4.56236457824707
12.45,0.446450710296631
12.5,-6.54107189178467
12.55,10.3590507507324
12.6,-16.0712337493896
12.65,241.471237182617
12.7,708.682678222656
12.75,860.459594726563
12.8,923.903869628906
12.85,947.73828125
12.9,912.785339355469
12.95,863.649291992187
13,747.454223632812
13.05,582.395080566406
13.1,308.332763671875
13.15,31.402868270874
13.2,-0.111024081707001
13.25,-3.34158086776733
13.3,-3.1086220741272
13.35,0.596898794174194
13.4,-3.88108944892883
13.45,1.09763884544373
13.5,-6.18753576278687
13.55,11.8383359909058
13.6,7.90059995651245
13.65,241.748260498047
13.7,677.742736816406
13.75,834.955017089844
13.8,894.989379882813
13.85,911.597412109375
13.9,872.8154296875
13.95,819.591796875
14,693.876098632813
14.05,523.434753417969
14.1,272.066925048828
14.15,20.8734798431396
14.2,-1.78571939468384
14.25,-2.79857969284058
14.3,-2.88953328132629
14.35,0.5841463804245
14.4,-3.46826457977295
14.45,0.728833675384522
14.5,-5.77166080474854
14.55,13.2179975509644
14.6,47.7918167114258
14.65,303.718414306641
14.7,700.06884765625
14.75,837.932678222656
14.8,881.899536132813
14.85,893.814575195313
14.9,851.607543945313
14.95,789.82568359375
15,657.438415527344
15.05,469.517944335938
15.1,227.447250366211
15.15,18.524299621582
15.2,-0.384563207626343
15.25,-2.57652711868286
15.3,-2.46827149391174
15.35,0.507307052612305
15.4,-3.25046920776367
15.45,0.994335114955902
15.5,-5.95332670211792
15.55,24.2975063323975
15.6,116.897033691406
15.65,367.420440673828
15.7,720.244506835938
15.75,845.589477539063
15.8,886.071960449219
15.85,890.72265625
15.9,839.588806152344
15.95,777.458740234375
16,636.278015136719
16.05,431.312835693359
16.1,213.300201416016
16.15,15.0630588531494
16.2,-2.11915969848633
16.25,-2.63146901130676
16.3,-2.72050189971924
16.35,0.852818787097931
16.4,-3.49396920204163
16.45,0.876273214817047
16.5,-6.87921619415283
16.55,40.0396957397461
16.6,207.096450805664
16.65,438.977661132813
16.7,733.267150878906
16.75,856.62744140625
16.8,883.467407226562
16.85,882.573059082031
16.9,827.818115234375
16.95,754.988220214844
17,598.643798828125
17.05,361.203918457031
17.1,163.197143554688
17.15,8.5773811340332
17.2,-2.73215913772583
17.25,-2.73746395111084
17.3,-2.46576070785522
17.35,0.73024332523346
17.4,-3.59109783172607
17.45,1.2342586517334
17.5,-7.68929719924927
17.55,51.192008972168
17.6,262.167938232422
17.65,500.217376708984
17.7,758.27392578125
17.75,859.079956054688
17.8,882.93359375
17.85,879.63818359375
17.9,816.886352539063
17.95,743.205383300781
18,583.992553710938
18.05,333.368194580078
18.1,150.423034667969
18.15,9.4303503036499
18.2,-2.90963506698608
18.25,-2.74379110336304
18.3,-2.91259574890137
18.35,0.956179201602936
18.4,-3.98520374298096
18.45,1.13560700416565
18.5,-9.68753433227539
18.55,59.8402976989746
18.6,316.807403564453
18.65,549.958740234375
18.7,770.08642578125
18.75,870.137573242188
18.8,883.877197265625
18.85,874.740783691406
18.9,807.14892578125
18.95,719.253845214844
19,541.350341796875
19.05,273.181762695312
19.1,109.449836730957
19.15,5.43268156051636
19.2,-2.41878032684326
19.25,-2.66146373748779
19.3,-2.62294101715088
19.35,0.800415873527527
19.4,-4.08198404312134
19.45,1.13028287887573
19.5,-11.1372766494751
19.55,65.0690765380859
19.6,361.370697021484
19.65,597.578063964844
19.7,786.235595703125
19.75,868.887145996094
19.8,881.479858398438
19.85,867.794921875
19.9,790.475524902344
19.95,701.940368652344
20,517.009399414063
20.05,226.466842651367
20.1,88.5718383789063
20.15,6.98151445388794
20.2,-3.15230631828308
20.25,-2.34161758422852
20.3,-3.11112546920776
20.35,1.48538494110107
20.4,-4.72305583953857
20.45,2.03463888168335
20.5,-12.2120361328125
20.55,78.3589172363281
20.6,414.064300537109
20.65,637.761962890625
20.7,800.645324707031
20.75,877.777282714844
20.8,879.029052734375
20.85,859.442443847656
20.9,778.011779785156
20.95,670.713256835938
21,461.591491699219
21.05,162.058441162109
21.1,50.693546295166
21.15,3.03631567955017
21.2,-2.20166897773743
21.25,-2.25756907463074
21.3,-3.32168936729431
21.35,1.570720911026
21.4,-4.93599939346314
21.45,2.25399732589722
21.5,-13.1696748733521
21.55,90.9098892211914
21.6,453.170532226562
21.65,670.3798828125
21.7,813.867492675781
21.75,877.353881835938
21.8,875.583618164063
21.85,852.993103027344
21.9,763.677612304688
21.95,655.636779785156
22,437.901489257813
22.05,119.3154296875
22.1,29.5622043609619
22.15,4.10292434692383
22.2,-2.29930138587952
22.25,-1.73918902873993
22.3,-3.67973446846008
22.35,2.12979173660278
22.4,-5.2139892578125
22.45,3.58563208580017
22.5,-13.4964990615845
22.55,108.22859954834
22.6,489.12109375
22.65,699.668701171875
22.7,827.466369628906
22.75,881.75146484375
22.8,869.156860351563
22.85,839.785400390625
22.9,744.577087402344
22.95,616.3828125
23,374.900390625
23.05,72.4098052978516
23.1,7.37273454666138
23.15,1.42910933494568
23.2,-1.68070793151855
23.25,-1.82058954238892
23.3,-3.64101839065552
23.35,2.1015510559082
23.4,-5.58220911026001
23.45,4.04844427108765
23.5,-14.8009462356567
23.55,120.79776763916
23.6,523.716613769531
23.65,726.244567871094
23.7,835.924926757813
23.75,878.931823730469
23.8,863.345520019531
23.85,831.112121582031
23.9,731.322998046875
23.95,598.676574707031
24,350.468200683594
24.05,46.8021583557129
24.1,-0.28432160615921
24.15,2.14009737968445
24.2,-1.7477422952652
24.25,-1.42645692825317
24.3,-3.95075368881226
24.35,2.71194124221802
24.4,-6.06238412857056
24.45,4.40946054458618
24.5,-16.2427139282227
24.55,136.868896484375
24.6,554.995849609375
24.65,750.758056640625
24.7,848.025512695313
24.75,882.273010253906
24.8,855.744140625
24.85,815.664306640625
24.9,705.831359863281
24.95,559.02001953125
25,303.959503173828
25.05,24.2366886138916
25.1,-2.15626049041748
25.15,2.05410718917847
25.2,-1.67768001556396
25.25,-1.53790855407715
25.3,-3.86383533477783
25.35,2.51633071899414
25.4,-6.22410345077515
25.45,3.9381251335144
25.5,-15.207181930542
25.55,159.32014465332
25.6,575.403930664062
25.65,763.695983886719
25.7,850.271911621094
25.75,875.884826660156
25.8,847.968383789063
25.85,806.293762207031
25.9,695.109313964844
25.95,540.148132324219
26,285.294708251953
26.05,23.0818843841553
26.1,-1.50186562538147
26.15,1.49787521362305
26.2,-1.25675654411316
26.25,-1.3116180896759
26.3,-3.86154794692993
26.35,2.97444605827332
26.4,-6.51866054534912
26.45,4.23616170883179
26.5,-16.1242027282715
26.55,177.109878540039
26.6,600.423706054688
26.65,774.783874511719
26.7,853.675842285156
26.75,876.941101074219
26.8,840.463439941406
26.85,791.972045898438
26.9,669.56494140625
26.95,509.739349365234
27,261.301574707031
27.05,14.1194705963135
27.1,-2.51878643035889
27.15,1.13630747795105
27.2,-1.32652378082275
27.25,-1.40294575691223
27.3,-3.76321530342102
27.35,2.94833326339722
27.4,-6.35557317733765
27.45,6.12496423721314
27.5,-3.53475069999695
27.55,206.893035888672
27.6,622.810546875
27.65,789.468017578125
27.7,855.273071289063
27.75,870.205871582031
27.8,831.841552734375
27.85,777.481201171875
27.9,652.11865234375
27.95,480.742889404297
28,238.837127685547
28.05,14.217734336853
28.1,-2.56377005577087
28.15,0.467254221439362
28.2,-1.51980817317963
28.25,-1.09598779678345
28.3,-3.77298450469971
28.35,3.59770798683166
28.4,-6.22135257720947
28.45,9.72695064544678
28.5,22.6230449676514
28.55,241.201538085937
28.6,648.131164550781
28.65,801.962829589844
28.7,857.819580078125
28.75,868.847778320312
28.8,823.9951171875
28.85,762.516479492188
28.9,627.510864257813
28.95,445.482116699219
29,213.404251098633
29.05,10.1409349441528
29.1,-3.06647872924805
29.15,0.014756619930267
29.2,-1.67722845077515
29.25,-1.48873925209045
29.3,-3.47569441795349
29.35,3.5179271697998
29.4,-5.97323036193848
29.45,19.6112785339355
29.5,92.0056610107422
29.55,316.7216796875
29.6,674.499816894531
29.65,816.024597167969
29.7,856.619262695313
29.75,860.225280761719
29.8,816.8935546875
29.85,749.265808105469
29.9,611.730346679687
29.95,421.175964355469
30,198.712600708008
30.05,10.7952680587769
30.1,-3.21787452697754
30.15,-0.151838362216949
30.2,-1.91766166687012
30.25,-1.20135092735291
30.3,-3.59018898010254
30.35,3.9963231086731
30.4,-6.83924722671509
30.45,28.7416229248047
30.5,139.455307006836
30.55,375.542846679688
30.6,702.82666015625
30.65,823.683044433594
30.7,857.019226074219
30.75,857.392517089844
30.8,804.271301269531
30.85,732.380920410156
30.9,583.09033203125
30.95,381.482849121094
31,168.278091430664
31.05,5.28841304779053
31.1,-2.25521612167358
31.15,-0.827603042125702
31.2,-2.02153468132019
31.25,-1.60773849487305
31.3,-3.5731897354126
31.35,3.51808524131775
31.4,-7.8773365020752
31.45,44.671802520752
31.5,216.443634033203
31.55,448.535858154297
31.6,727.263610839844
31.65,837.785888671875
31.7,860.182678222656
31.75,853.415283203125
31.8,801.74072265625
31.85,720.885498046875
31.9,557.860534667969
31.95,341.6826171875
32,142.666931152344
32.05,4.41315937042236
32.1,-1.2829601764679
32.15,-0.597219169139862
32.2,-2.09211254119873
32.25,-1.24935960769653
32.3,-3.70162582397461
32.35,4.20209932327271
32.4,-10.4720249176025
32.45,58.6355323791504
32.5,266.701110839844
32.55,487.704132080078
32.6,736.431945800781
32.65,833.615234375
32.7,853.269592285156
32.75,847.543212890625
32.8,786.901733398438
32.85,700.757995605469
32.9,518.937805175781
32.95,286.993560791016
33,112.46541595459
33.05,-0.037939846515656
33.1,-1.05076730251312
33.15,-0.603853166103363
33.2,-2.18834733963013
33.25,-1.57498717308044
33.3,-3.75068640708923
33.35,3.9541437625885
33.4,-11.4160938262939
33.45,69.6560211181641
33.5,329.134765625
33.55,554.159240722656
33.6,764.213562011719
33.65,848.692199707031
33.7,855.165222167969
33.75,841.435546875
33.8,778.100402832031
33.85,683.960571289063
33.9,498.4765625
33.95,252.910949707031
34,93.3947677612305
34.05,1.72762870788574
34.1,-1.46916210651398
34.15,-0.278262794017792
34.2,-2.4101390838623
34.25,-0.966201722621918
34.3,-3.93206024169922
34.35,4.78363800048828
34.4,-12.8542404174805
34.45,80.4844512939453
34.5,357.5830078125
34.55,571.845947265625
34.6,770.809814453125
34.65,846.701049804688
34.7,849.742248535156
34.75,834.071716308594
34.8,760.003967285156
34.85,657.420532226563
34.9,444.781921386719
34.95,181.719116210938
35,59.5291976928711
35.05,-2.39948773384094
35.1,-1.78930020332336
35.15,-0.193275511264801
35.2,-2.58500123023987
35.25,-1.02694034576416
35.3,-3.96700501441956
35.35,5.42875671386719
35.4,-12.477876663208
35.45,103.690277099609
35.5,411.660400390625
35.55,621.240478515625
35.6,792.514038085938
35.65,858.058044433594
35.7,854.740112304688
35.75,831.705383300781
35.8,749.801086425781
35.85,631.218933105469
35.9,408.37841796875
35.95,144.347229003906
36,37.2801933288574
36.05,-3.40821886062622
36.1,-1.37058353424072
36.15,-0.023472309112549
36.2,-2.59042835235596
36.25,-0.415617227554321
36.3,-4.46282768249512
36.35,6.28789234161377
36.4,-12.7670335769653
36.45,127.330383300781
36.5,447.101989746094
36.55,636.268310546875
36.6,800.352172851563
36.65,854.716674804688
36.7,847.088806152344
36.75,822.643493652344
36.8,732.779479980469
36.85,608.425354003906
36.9,353.811096191406
36.95,81.052848815918
37,19.4950695037842
37.05,-3.47215390205383
37.1,-2.01745629310608
37.15,-0.142733752727509
37.2,-2.82655501365662
37.25,-0.517667829990387
37.3,-4.63464689254761
37.35,7.12172842025757
37.4,-13.7655687332153
37.45,139.330429077148
37.5,492.652374267578
37.55,678.6962890625
37.6,811.777099609375
37.65,861.456604003906
37.7,845.9267578125
37.75,810.539367675781
37.8,712.788696289063
37.85,570.930725097656
37.9,313.586578369141
37.95,49.4589042663574
38,4.35356330871582
38.05,-3.30251598358154
38.1,-2.04881429672241
38.15,0.182615220546722
38.2,-2.93752098083496
38.25,0.320287048816681
38.3,-5.12012386322022
38.35,7.45768690109253
38.4,-14.9243574142456
38.45,155.265747070313
38.5,515.469299316406
38.55,688.497497558594
38.6,812.150268554688
38.65,852.450927734375
38.7,832.05517578125
38.75,793.433776855469
38.8,687.375427246094
38.85,547.857177734375
38.9,280.612457275391
38.95,27.1982917785645
39,5.53659963607788
39.05,-3.79625558853149
39.1,-2.1409318447113
39.15,0.174812972545624
39.2,-2.97542953491211
39.25,0.23568868637085
39.3,-5.22561359405518
39.35,8.14143562316895
39.4,-14.7524099349976
39.45,172.513595581055
39.5,555.778625488281
39.55,722.228088378906
39.6,819.327941894531
39.65,857.366394042969
39.7,831.04931640625
39.75,783.857604980469
39.8,673.015808105469
39.85,518.745971679688
39.9,258.308349609375
39.95,26.2567157745361
40,3.84375309944153
40.05,-3.82684469223022
40.1,-2.03063941001892
40.15,0.286313891410828
40.2,-2.98773789405823
40.25,1.02732634544373
40.3,-5.69076251983643
40.35,8.65497779846191
40.4,-16.0236549377441
40.45,188.03547668457
40.5,579.513061523438
40.55,731.631591796875
40.6,819.724487304688
40.65,847.518432617188
40.7,817.65234375
40.75,768.466125488281
40.8,646.49169921875
40.85,490.419769287109
40.9,227.948974609375
40.95,9.13464546203613
41,4.01210355758667
41.05,-4.2766900062561
41.1,-1.92223930358887
41.15,0.321944057941437
41.2,-3.03094244003296
41.25,0.709173083305359
41.3,-5.62875413894653
41.35,8.66141510009766
41.4,-15.4299783706665
41.45,199.360748291016
41.5,603.085815429688
41.55,752.640747070313
41.6,823.005004882813
41.65,849.334899902344
41.7,813.396484375
41.75,754.193542480469
41.8,628.233642578125
41.85,455.812835693359
41.9,204.317932128906
41.95,8.85752582550049
42,2.85827207565308
42.05,-3.78107738494873
42.1,-1.96910643577576
42.15,0.472666323184967
42.2,-3.17571306228638
42.25,1.04309618473053
42.3,-6.04758548736572
42.35,8.88687324523926
42.4,-14.6265821456909
42.45,211.121109008789
42.5,618.676635742188
42.55,761.048828125
42.6,825.995422363281
42.65,842.68896484375
42.7,800.667358398438
42.75,739.221374511719
42.8,600.627258300781
42.85,429.289520263672
42.9,189.673599243164
42.95,2.12592625617981
43,2.32905888557434
43.05,-4.16400575637817
43.1,-2.02776646614075
43.15,0.417448580265045
43.2,-3.30248618125916
43.25,0.846411287784576
43.3,-6.07228851318359
43.35,8.93332290649414
43.4,-6.91596126556397
43.45,235.839797973633
43.5,643.513061523437
43.55,780.5595703125
43.6,830.827697753906
43.65,844.346740722656
43.7,797.825073242188
43.75,726.9013671875
43.8,582.510009765625
43.85,396.528656005859
43.9,164.525253295898
43.95,0.552283227443695
44,1.87886500358582
44.05,-3.74441742897034
44.1,-1.77892589569092
44.15,0.31045526266098
44.2,-3.17840433120728
44.25,1.27096915245056
44.3,-5.97835493087769
44.35,15.1676197052002
44.4,31.25950050354
44.45,277.553375244141
44.5,664.874877929688
44.55,790.945190429688
44.6,835.514343261719
44.65,838.847229003906
44.7,783.7509765625
44.75,710.732604980469
44.8,551.861267089844
44.85,360.238433837891
44.9,151.456634521484
44.95,-2.24362468719482
45,0.562126934528351
45.05,-3.88449573516846
45.1,-1.75140953063965
45.15,0.394456088542938
45.2,-3.16758298873901
45.25,1.22542834281921
45.3,-6.36640024185181
45.35,32.8351097106934
45.4,109.959175109863
45.45,343.422882080078
45.5,681.92578125
45.55,805.351257324219
45.6,836.377136230469
45.65,835.377502441406
45.7,776.838745117188
45.75,692.923400878906
45.8,527.175903320313
45.85,303.835113525391
45.9,115.538276672363
45.95,-0.661405920982361
46,-0.299437344074249
46.05,-3.22365021705627
46.1,-1.94138884544373
46.15,0.464721024036408
46.2,-3.25826859474182
46.25,1.28140592575073
46.3,-6.92989683151245
46.35,43.9892234802246
46.4,178.245666503906
46.45,412.029357910156
46.5,701.225830078125
46.55,811.638427734375
46.6,838.622863769531
46.65,830.221862792969
46.7,764.703247070313
46.75,679.245666503906
46.8,501.112030029297
46.85,267.692504882812
46.9,97.0959243774414
46.95,-2.39337682723999
47,-0.305913388729095
47.05,-3.33275938034058
47.1,-2.09957075119019
47.15,0.599245727062225
47.2,-3.51614212989807
47.25,1.43693685531616
47.3,-8.10299110412598
47.35,60.134651184082
47.4,241.109725952148
47.45,464.210174560547
47.5,716.463623046875
47.55,819.896484375
47.6,836.026306152344
47.65,824.920654296875
47.7,755.298645019531
47.75,656.906677246094
47.8,467.712829589844
47.85,222.778656005859
47.9,76.6793823242188
47.95,-0.951679050922394
48,-0.499075651168823
48.05,-3.04344439506531
48.1,-2.2667407989502
48.15,0.39505809545517
48.2,-3.60918498039246
48.25,1.17462873458862
48.3,-9.31652069091797
48.35,68.52685546875
48.4,301.166900634766
48.45,530.268676757813
48.5,738.946105957031
48.55,822.352966308594
48.6,833.894226074219
48.65,816.618835449219
48.7,738.541137695313
48.75,635.196533203125
48.8,432.367462158203
48.85,169.030517578125
48.9,53.3086242675781
48.95,0.219973921775818
49,-0.736325979232788
49.05,-2.58875036239624
49.1,-2.71424508094788
49.15,0.858958065509796
49.2,-4.03724145889282
49.25,1.91913390159607
49.3,-10.2478818893433
49.35,81.9076843261719
49.4,347.937225341797
49.45,567.062072753906
49.5,749.8779296875
49.55,827.617553710937
49.6,831.160766601563
49.65,808.829406738281
49.7,725.717468261719
49.75,607.229736328125
49.8,385.211761474609
49.85,111.743209838867
49.9,22.239372253418
49.95,-0.533802807331085
50,-1.14145576953888
50.05,-2.315749168396
50.1,-3.05199480056763
50.15,1.00851202011108
50.2,-4.46890735626221
50.25,2.22541546821594
50.3,-11.7401390075684
50.35,95.6104736328125
50.4,396.725524902344
50.45,604.601318359375
50.5,765.171569824219
50.55,828.72314453125
50.6,824.701904296875
50.65,797.606872558594
50.7,708.252258300781
50.75,581.117309570313
50.8,343.879333496094
50.85,63.9441299438477
50.9,6.89296865463257
50.95,0.879879295825958
51,-1.37006783485413
51.05,-1.89552903175354
51.1,-3.404705286026
51.15,1.28797149658203
51.2,-4.67493104934692
51.25,3.089186668396
51.3,-12.5860376358032
51.35,98.0523071289062
51.4,428.752197265625
51.45,635.452270507813
51.5,775.177551269531
51.55,834.850891113281
51.6,822.922485351563
51.65,789.643188476563
51.7,690.827880859375
51.75,553.783874511719
51.8,306.744934082031
51.85,34.5337219238281
51.9,-0.469715893268585
51.95,1.31689012050629
52,-1.48462796211243
52.05,-1.72376930713654
52.1,-3.41760659217834
52.15,1.51327705383301
52.2,-5.05308055877686
52.25,3.37784433364868
52.3,-13.7915954589844
52.35,106.721900939941
52.4,460.726409912109
52.45,663.103942871094
52.5,787.430725097656
52.55,834.095275878906
52.6,814.975341796875
52.65,777.179870605469
52.7,674.897644042969
52.75,527.677490234375
52.8,281.216705322266
52.85,22.827184677124
52.9,-1.84712553024292
52.95,1.34695029258728
53,-1.44648098945618
53.05,-1.55227482318878
53.1,-3.53258991241455
53.15,1.88682222366333
53.2,-5.30252313613892
53.25,4.0378851890564
53.3,-13.5176706314087
53.35,126.470626831055
53.4,506.817138671875
53.45,703.316955566406
53.5,804.175659179688
53.55,838.597595214844
53.6,811.550354003906
53.65,767.5419921875
53.7,654.799133300781
53.75,501.499603271484
53.8,261.281921386719
53.85,17.2964763641357
53.9,-2.74246788024902
53.95,1.24714827537537
54,-1.28721451759338
54.05,-1.61205673217773
54.1,-3.61665201187134
54.15,1.96997976303101
54.2,-5.74029541015625
54.25,3.68693780899048
54.3,-13.3272390365601
54.35,143.867797851563
54.4,526.999816894531
54.45,717.974975585938
54.5,810.008422851563
54.55,833.976196289063
54.6,803.695190429688
54.65,754.561279296875
54.7,637.836608886719
54.75,474.644134521484
54.8,241.145233154297
54.85,15.5001087188721
54.9,-3.1689658164978
54.95,0.7136270403862
55,-1.40014433860779
55.05,-1.35092735290527
55.1,-3.53467011451721
55.15,2.36452960968018
55.2,-5.79466056823731
55.25,3.86233472824097
55.3,-12.7309484481812
55.35,158.294647216797
55.4,547.988830566406
55.45,727.655578613281
55.5,808.463500976563
55.55,830.291625976563
55.6,792.105163574219
55.65,738.878295898438
55.7,612.335266113281
55.75,442.680603027344
55.8,218.365310668945
55.85,12.8351802825928
55.9,-2.50865364074707
55.95,0.294971466064453
56,-1.33287763595581
56.05,-1.43609046936035
56.1,-3.62683534622192
56.15,2.3122980594635
56.2,-6.06640148162842
56.25,4.49124193191528
56.3,-12.2120456695557
56.35,177.660125732422
56.4,569.266357421875
56.45,739.105163574219
56.5,807.136840820312
56.55,820.932678222656
56.6,780.181701660156
56.65,715.769104003906
56.7,582.675720214844
56.75,406.660888671875
56.8,192.919952392578
56.85,10.3892602920532
56.9,-2.45945000648499
56.95,-0.05107969045639
57,-1.58998227119446
57.05,-1.21497964859009
57.1,-3.40484380722046
57.15,2.98083567619324
57.2,-5.42578268051147
57.25,11.2229671478271
57.3,43.7237663269043
57.35,245.882385253906
57.4,600.891357421875
57.45,749.514770507813
57.5,797.322631835938
57.55,804.477783203125
57.6,755.398376464844
57.65,683.592407226563
57.7,540.013366699219
57.75,362.081878662109
57.8,168.086975097656
57.85,7.69506072998047
57.9,-2.70082497596741
57.95,-0.573574006557465
58,-1.81349658966064
58.05,-1.56980895996094
58.1,-3.39834094047546
58.15,2.17076086997986
58.2,-7.12331390380859
58.25,31.3024463653564
58.3,179.531295776367
58.35,377.941741943359
58.4,635.576904296875
58.45,756.838684082031
58.5,783.115356445313
58.55,780.965637207031
58.6,726.064697265625
58.65,639.633605957031
58.7,483.443115234375
58.75,286.241027832031
58.8,122.907936096191
58.85,5.92842102050781
58.9,-1.80593132972717
58.95,-0.084351003170014
59,-2.1492555141449
59.05,-1.1854395866394
59.1,-3.40118861198425
59.15,3.05413746833801
59.2,-8.92096614837647
59.25,48.7353096008301
59.3,253.01823425293
59.35,454.497253417969
59.4,664.0595703125
59.45,759.95751953125
59.5,774.113891601563
59.55,765.884094238281
59.6,703.02490234375
59.65,610.2890625
59.7,434.771911621094
59.75,221.354293823242
59.8,83.8798446655273
59.85,-0.201524794101715
59.9,-1.47507643699646
59.95,-0.269658863544464
60,-2.03764581680298
60.05,-1.42928218841553
60.1,-3.48943185806274
60.15,2.7910008430481
60.2,-9.45128917694092
60.25,56.0796508789062
60.3,283.996124267578
60.35,479.785919189453
60.4,665.327880859375
60.45,750.954040527344
60.5,760.171447753906
60.55,747.487182617188
60.6,677.142456054688
60.65,576.331298828125
60.7,383.792297363281
60.75,160.170043945313
60.8,57.1325531005859
60.85,-0.935594737529755
60.9,-1.33557176589966
60.95,-0.016173720359802
61,-2.09010982513428
61.05,-1.01389288902283
61.1,-3.45617389678955
61.15,3.3623411655426
61.2,-9.58404350280762
61.25,68.5039901733398
61.3,294.717193603516
61.35,487.597137451172
61.4,665.433776855469
61.45,739.789245605469
61.5,745.196228027344
61.55,729.121276855469
61.6,654.377197265625
61.65,547.701721191406
61.7,338.767303466797
61.75,112.652694702148
61.8,32.8752174377441
61.85,-3.85227942466736
61.9,-1.24113857746124
61.95,-0.258453190326691
62,-1.921541929245
62.05,-1.14478015899658
62.1,-3.55963563919067
62.15,3.43434071540833
62.2,-9.59093761444092
62.25,75.3028717041016
62.3,309.02490234375
62.35,491.185852050781
62.4,656.108703613281
62.45,724.032470703125
62.5,728.785827636719
62.55,711.001708984375
62.6,625.644714355469
62.65,509.512481689453
62.7,287.387512207031
62.75,60.6840896606445
62.8,14.4579811096191
62.85,-3.33496928215027
62.9,-1.1440098285675
62.95,-0.132367014884949
63,-1.99263834953308
63.05,-0.931607186794281
63.1,-3.39639329910278
63.15,3.53947138786316
63.2,-9.5232572555542
63.25,73.6856536865234
63.3,314.728698730469
63.35,489.816040039063
63.4,636.084899902344
63.45,697.005249023438
63.5,697.688659667969
63.55,674.643188476562
63.6,583.669982910156
63.65,463.215789794922
63.7,241.695739746094
63.75,25.6518001556396
63.8,3.30720090866089
63.85,-2.55603194236755
63.9,-1.5367374420166
63.95,0.088723003864288
64,-2.01435232162476
64.05,-0.793538987636566
64.1,-3.40961074829102
64.15,3.6434338092804
64.2,-10.0191459655762
64.25,71.0532455444336
64.3,309.868988037109
64.35,478.344543457031
64.4,615.313537597656
64.45,673.809692382813
64.5,672.278076171875
64.55,644.756591796875
64.6,545.177062988281
64.65,414.87841796875
64.7,201.465148925781
64.75,11.9328231811523
64.8,2.68853163719177
64.85,-2.76599669456482
64.9,-1.24420523643494
64.95,0.005774199962616
65,-1.84405303001404
65.05,-0.599516928195953
65.1,-3.17095971107483
65.15,3.68421530723572
65.2,-9.48992824554443
65.25,70.1205673217774
65.3,307.805023193359
65.35,465.253387451172
65.4,585.771606445313
65.45,638.986755371094
65.5,632.915649414062
65.55,603.301635742188
65.6,501.045562744141
65.65,365.909820556641
65.7,166.915756225586
65.75,4.09586000442505
65.8,1.21880912780762
65.85,-2.6778028011322
65.9,-0.962711870670319
65.95,0.020910799503327
66,-1.81135392189026
66.05,-0.645224750041962
66.1,-3.17211008071899
66.15,3.5385594367981
66.2,-8.74294090270996
66.25,69.2140197753906
66.3,290.298004150391
66.35,438.980590820313
66.4,555.188598632813
66.45,604.416442871094
66.5,591.138122558594
66.55,550.049133300781
66.6,435.843414306641
66.65,298.282073974609
66.7,130.996917724609
66.75,1.04530906677246
66.8,0.521135330200195
66.85,-2.80290102958679
66.9,-0.821283459663391
66.95,-0.086121261119843
67,-1.56447744369507
67.05,-0.664146244525909
67.1,-2.70777487754822
67.15,2.91669511795044
67.2,-6.83167743682861
67.25,66.3690719604492
67.3,272.168670654297
67.35,412.589874267578
67.4,513.588500976563
67.45,555.330871582031
67.5,536.828735351563
67.55,489.913360595703
67.6,368.260711669922
67.65,221.379776000977
67.7,89.6301651000977
67.75,-0.094713270664215
67.8,-0.051043927669525
67.85,-2.27037525177002
67.9,-0.642430782318115
67.95,-0.141100585460663
68,-1.37725174427032
68.05,-0.77955573797226
68.1,-2.36076402664185
68.15,2.47674584388733
68.2,-5.88758134841919
68.25,49.2085456848145
68.3,234.836364746094
68.35,364.111663818359
68.4,453.127136230469
68.45,495.437957763672
68.5,472.167907714844
68.55,418.324432373047
68.6,279.947021484375
68.65,134.342834472656
68.7,52.6475143432617
68.75,1.04900002479553
68.8,-0.07614940404892
68.85,-1.8735259771347
68.9,-0.914880633354187
68.95,0.009891390800476
69,-1.32916271686554
69.05,-0.645458698272705
69.1,-2.33507895469666
69.15,2.3381724357605
69.2,-4.95058155059814
69.25,46.841724395752
69.3,210.931350708008
69.35,326.847412109375
69.4,407.406707763672
69.45,445.346160888672
69.5,411.332702636719
69.55,348.546356201172
69.6,205.927459716797
69.65,57.9954986572266
69.7,13.5653915405273
69.75,-1.11667060852051
69.8,0.043757259845734
69.85,-1.65310800075531
69.9,-0.785000622272491
69.95,-0.289510190486908
70,-1.06186127662659
70.05,-0.751779973506928
70.1,-1.75810599327087
70.15,1.67896151542664
70.2,-2.8805627822876
70.25,36.4327201843262
70.3,166.512435913086
70.35,269.229248046875
70.4,340.002044677734
70.45,367.082336425781
70.5,327.607543945312
70.55,262.348327636719
70.6,125.323554992676
70.65,10.507007598877
70.7,0.985002517700195
70.75,0.269721448421478
70.8,-0.281749665737152
70.85,-1.26188540458679
70.9,-1.00882792472839
70.95,-0.264023244380951
71,-0.968681275844574
71.05,-0.800825655460358
71.1,-1.51163196563721
71.15,1.23688435554504
71.2,-1.86252737045288
71.25,21.9974422454834
71.3,126.529205322266
71.35,217.573135375977
71.4,280.6630859375
71.45,303.247375488281
71.5,255.834030151367
71.55,187.513702392578
71.6,86.011344909668
71.65,3.46430993080139
71.7,-0.907813012599945
71.75,-0.198931992053986
71.8,-0.717815756797791
71.85,-1.16843283176422
71.9,-0.954636931419373
71.95,-0.215829908847809
72,-0.939169526100159
72.05,-0.704957544803619
72.1,-1.24759221076965
72.15,0.790230929851532
72.2,-1.46088743209839
72.25,13.7844295501709
72.3,89.8722534179688
72.35,162.589996337891
72.4,217.465759277344
72.45,231.648727416992
72.5,175.153518676758
72.55,104.618049621582
72.6,36.5291519165039
72.65,-0.457331538200378
72.7,-0.092066824436188
72.75,-0.027693808078766
72.8,-0.54963082075119
72.85,-1.21723115444183
72.9,-0.944288074970245
72.95,-0.196599960327148
73,-0.830760598182678
73.05,-0.783821940422058
73.1,-0.948970019817352
73.15,0.55595338344574
73.2,-0.710682570934296
73.25,6.08186960220337
73.3,52.924144744873
73.35,103.484382629395
73.4,147.846755981445
73.45,149.867813110352
73.5,96.879997253418
73.55,45.3248252868652
73.6,11.8668184280396
73.65,-1.62688636779785
73.7,-0.250239670276642
73.75,-0.007991492748261
73.8,-0.450873374938965
73.85,-1.11990571022034
73.9,-0.751468539237976
73.95,-0.256018340587616
74,-0.609980523586273
74.05,-0.778073072433472
74.1,-0.65440833568573
74.15,0.303559005260468
74.2,-0.253547728061676
74.25,1.04718506336212
74.3,17.1765518188477
74.35,44.4397277832031
74.4,77.0222854614258
74.45,71.3256988525391
74.5,30.266622543335
74.55,4.04093265533447
74.6,-0.016129016876221
74.65,-0.995591282844543
74.7,-0.466714799404144
74.75,0.053928792476654
74.8,-0.419439375400543
74.85,-1.06790518760681
74.9,-0.744710862636566
74.95,-0.129631161689758
75,-0.547327101230621
75.05,-0.763256847858429
75.1,-0.541828572750092
75.15,0.175242125988007
75.2,-0.319774448871613
75.25,-0.788679718971252
75.3,2.60022592544556
75.35,11.5990600585938
75.4,26.7461471557617
75.45,22.289665222168
75.5,5.15064668655396
75.55,-0.128555297851563
75.6,-0.378324091434479
75.65,-0.906886160373688
75.7,-0.484509766101837
75.75,-0.01596063375473
75.8,-0.417390465736389
75.85,-1.05220222473145
75.9,-0.71055144071579
75.95,-0.125597417354584
76,-0.551243126392365
76.05,-0.875210762023926
76.1,-0.652411580085754
76.15,-0.087001919746399
76.2,-0.365956127643585
76.25,-0.694370269775391
76.3,-0.42046457529068
76.35,-0.788582861423492
76.4,-0.275808572769165
76.45,-0.230212509632111
76.5,-0.973127782344818
76.55,0.163637101650238
76.6,-0.242826342582703
76.65,-0.776973366737366
76.7,-0.585062801837921
76.75,-0.035373866558075
76.8,-0.37795752286911
76.85,-0.835651159286499
76.9,-0.662432610988617
76.95,-0.090064108371735
77,-0.470264256000519
77.05,-0.737267732620239
77.1,-0.44139176607132
77.15,0.033086538314819
77.2,-0.368654727935791
77.25,-0.585302710533142
77.3,-0.434958934783936
77.35,0.096085667610169
77.4,-0.465010106563568
77.45,-0.655348598957062
77.5,-0.568176805973053
77.55,0.003020465373993
77.6,-0.352062284946442
77.65,-0.589624047279358
77.7,-0.538073480129242
77.75,-0.180228054523468
77.8,-0.267677009105682
77.85,-0.667068362236023
77.9,-0.523166358470917
77.95,-0.064021348953247
78,-0.321127474308014
78.05,-0.643987953662872
78.1,-0.451411306858063
78.15,-0.043563544750214
78.2,-0.347958505153656
78.25,-0.53706020116806
78.3,-0.486187636852264
78.35,0.057514011859894
78.4,-0.368499755859375
78.45,-0.546428561210632
78.5,-0.488372147083283
78.55,-0.043390691280365
78.6,-0.323255360126495
78.65,-0.649438798427582
78.7,-0.538228452205658
78.75,-0.125740468502045
78.8,-0.214934349060059
78.85,-0.665658712387085
78.9,-0.51603764295578
78.95,-0.133641064167023
79,-0.3266841173172
79.05,-0.607724487781525
79.1,-0.448222458362579
79.15,0.013668835163117
79.2,-0.387103855609894
79.25,-0.564661622047424
79.3,-0.408916175365448
79.35,0.078387558460236
79.4,-0.310342013835907
79.45,-0.603379309177399
79.5,-0.526987016201019
79.55,-0.008009374141693
79.6,-0.358079373836517
79.65,-0.654831528663635
79.7,-0.562383234500885
79.75,-0.13946145772934
79.8,-0.340494513511658
79.85,-0.697055459022522
79.9,-0.513960421085358
79.95,-0.080306828022003
