cf,70.0
0.000000000000000000e+00,6.682326581741300231e+00
5.000000000000000278e-02,6.682331774751237852e+00
1.000000000000000056e-01,6.682336966971217151e+00
1.499999999999999944e-01,6.682342158401362475e+00
2.000000000000000111e-01,6.682347349041795503e+00
2.500000000000000000e-01,6.682352538892634364e+00
2.999999999999999889e-01,6.682357727953997184e+00
3.499999999999999778e-01,6.682362916226007421e+00
4.000000000000000222e-01,6.682368103708784091e+00
4.500000000000000111e-01,6.682373290402445321e+00
5.000000000000000000e-01,6.682378476307112791e+00
5.500000000000000444e-01,6.682383661422908183e+00
5.999999999999999778e-01,6.682388845749947848e+00
6.500000000000000222e-01,6.682394029288356130e+00
6.999999999999999556e-01,6.682399212038248493e+00
7.500000000000000000e-01,6.682404393999748393e+00
8.000000000000000444e-01,6.682409575172973959e+00
8.499999999999999778e-01,6.682414755558045982e+00
9.000000000000000222e-01,6.682419935155083479e+00
9.499999999999999556e-01,6.682425113964206354e+00
1.000000000000000000e+00,6.682430291985535398e+00
1.050000000000000044e+00,6.682435469219189628e+00
1.100000000000000089e+00,6.682440645665291612e+00
1.149999999999999911e+00,6.682445821323955926e+00
1.199999999999999956e+00,6.682450996195307802e+00
1.250000000000000000e+00,6.682456170279462704e+00
1.300000000000000044e+00,6.682461343576541424e+00
1.350000000000000089e+00,6.682466516086665642e+00
1.399999999999999911e+00,6.682471687809954375e+00
1.449999999999999956e+00,6.682476858746527526e+00
1.500000000000000000e+00,6.682482028896501447e+00
1.550000000000000044e+00,6.682487198259999595e+00
1.600000000000000089e+00,6.682492366837139208e+00
1.649999999999999911e+00,6.682497534628043745e+00
1.699999999999999956e+00,6.682502701632826891e+00
1.750000000000000000e+00,6.682507867851612993e+00
1.800000000000000044e+00,6.682513033284520176e+00
1.850000000000000089e+00,6.682518197931667459e+00
1.899999999999999911e+00,6.682523361793174743e+00
1.949999999999999956e+00,6.682528524869162823e+00
2.000000000000000000e+00,6.682533687159748936e+00
2.050000000000000266e+00,6.682538848665053877e+00
2.100000000000000089e+00,6.682544009385196659e+00
2.149999999999999911e+00,6.682549169320297189e+00
2.200000000000000178e+00,6.682554328470474481e+00
2.250000000000000000e+00,6.682559486835847551e+00
2.299999999999999822e+00,6.682564644416537192e+00
2.350000000000000089e+00,6.682569801212662419e+00
2.399999999999999911e+00,6.682574957224341361e+00
2.449999999999999734e+00,6.682580112451695697e+00
2.500000000000000000e+00,6.682585266894839116e+00
2.550000000000000266e+00,6.682590420553897737e+00
2.600000000000000089e+00,6.682595573428988800e+00
2.649999999999999911e+00,6.682600725520229545e+00
2.700000000000000178e+00,6.682605876827741653e+00
2.750000000000000000e+00,6.682611027351642363e+00
2.799999999999999822e+00,6.682616177092050691e+00
2.850000000000000089e+00,6.682621326049086541e+00
2.899999999999999911e+00,6.682626474222870705e+00
2.949999999999999734e+00,6.682631621613521311e+00
3.000000000000000000e+00,6.682636768221155599e+00
3.050000000000000266e+00,6.682641914045895248e+00
3.100000000000000089e+00,6.682647059087858388e+00
3.149999999999999911e+00,6.682652203347164033e+00
3.200000000000000178e+00,6.682657346823932087e+00
3.250000000000000000e+00,6.682662489518278015e+00
3.299999999999999822e+00,6.682667631430325272e+00
3.350000000000000089e+00,6.682672772560191987e+00
3.399999999999999911e+00,6.682677912907995399e+00
3.449999999999999734e+00,6.682683052473854524e+00
3.500000000000000000e+00,6.682688191257890153e+00
3.550000000000000266e+00,6.682693329260220416e+00
3.600000000000000089e+00,6.682698466480964328e+00
3.649999999999999911e+00,6.682703602920240904e+00
3.700000000000000178e+00,6.682708738578168273e+00
3.750000000000000000e+00,6.682713873454865450e+00
3.799999999999999822e+00,6.682719007550452339e+00
3.850000000000000089e+00,6.682724140865046181e+00
3.899999999999999911e+00,6.682729273398767766e+00
3.950000000000000178e+00,6.682734405151734336e+00
4.000000000000000000e+00,6.682739536124063129e+00
4.049999999999999822e+00,6.682744666315876714e+00
4.100000000000000533e+00,6.682749795727293218e+00
4.150000000000000355e+00,6.682754924358427218e+00
4.200000000000000178e+00,6.682760052209402168e+00
4.250000000000000000e+00,6.682765179280333534e+00
4.299999999999999822e+00,6.682770305571342995e+00
4.349999999999999645e+00,6.682775431082545126e+00
4.400000000000000355e+00,6.682780555814062495e+00
4.450000000000000178e+00,6.682785679766012343e+00
4.500000000000000000e+00,6.682790802938512797e+00
4.549999999999999822e+00,6.682795925331682874e+00
4.599999999999999645e+00,6.682801046945638923e+00
4.649999999999999467e+00,6.682806167780502626e+00
4.700000000000000178e+00,6.682811287836391223e+00
4.750000000000000000e+00,6.682816407113424617e+00
4.799999999999999822e+00,6.682821525611719160e+00
4.850000000000000533e+00,6.682826643331393868e+00
4.899999999999999467e+00,6.682831760272629928e+00
4.950000000000000178e+00,6.682836876454944175e+00
5.000000000000000000e+00,6.682841992454917168e+00
5.049999999999999822e+00,6.682847111549611085e+00
5.100000000000000533e+00,6.682852240596357518e+00
5.150000000000000355e+00,6.682857553042319765e+00
5.200000000000000178e+00,6.682864326293014301e+00
5.250000000000000000e+00,6.682873900872595030e+00
5.299999999999999822e+00,6.682870462994121574e+00
5.349999999999999645e+00,6.682788199755131053e+00
5.400000000000000355e+00,6.682558160465112529e+00
5.450000000000000178e+00,6.682362278303371816e+00
5.500000000000000000e+00,6.682838900730287968e+00
5.549999999999999822e+00,6.684446646983730922e+00
5.599999999999999645e+00,6.685916076905243699e+00
5.649999999999999467e+00,6.684103899111338620e+00
5.700000000000000178e+00,6.677948175571875922e+00
5.750000000000000000e+00,6.673487148714343675e+00
5.799999999999999822e+00,6.680526704402401705e+00
5.850000000000000533e+00,6.698009945156499612e+00
5.899999999999999467e+00,6.705231703556850498e+00
5.950000000000000178e+00,6.682069591613677417e+00
6.000000000000000000e+00,6.644928504122310287e+00
6.049999999999999822e+00,6.645735862941512195e+00
6.100000000000000533e+00,6.709666721105250531e+00
6.150000000000000355e+00,6.773169640764614030e+00
6.200000000000000178e+00,6.737085326548897690e+00
6.250000000000000000e+00,6.612576909493202315e+00
6.299999999999999822e+00,6.555814864109011708e+00
6.349999999999999645e+00,6.703746447551767851e+00
6.400000000000000355e+00,6.939351791572898165e+00
6.450000000000000178e+00,6.950491737754077803e+00
6.500000000000000000e+00,6.676297344734525296e+00
6.550000000000000711e+00,6.462303806516545457e+00
6.599999999999999645e+00,6.734041465135445215e+00
6.649999999999999467e+00,7.402305247372594543e+00
6.700000000000000178e+00,7.668857049727416886e+00
6.750000000000000000e+00,7.213387744466948526e+00
6.799999999999999822e+00,6.705129567198724772e+00
6.850000000000000533e+00,7.187469353261592531e+00
6.899999999999999467e+00,9.041949281035138952e+00
6.949999999999999289e+00,1.031513413118612199e+01
7.000000000000000000e+00,9.709942179714719401e+00
7.049999999999999822e+00,8.636595128857148751e+00
7.100000000000000533e+00,9.693843041607978606e+00
7.150000000000000355e+00,1.601617986645958425e+01
7.200000000000000178e+00,2.223245992494670631e+01
7.250000000000000000e+00,2.168278830846293559e+01
7.299999999999999822e+00,1.866358119946142580e+01
7.349999999999999645e+00,2.188572093701507271e+01
7.400000000000000355e+00,4.801071564713591755e+01
7.450000000000000178e+00,7.846544475269215013e+01
7.500000000000000000e+00,7.843548603860621427e+01
7.550000000000000711e+00,6.505157596654659358e+01
7.599999999999999645e+00,7.382621791782040077e+01
7.649999999999999467e+00,1.435784890480597369e+02
7.700000000000000178e+00,2.140863181919829970e+02
7.750000000000000000e+00,2.102582864210554305e+02
7.799999999999999822e+00,1.679817373790494912e+02
7.849999999999999645e+00,1.783598538893570549e+02
7.900000000000000355e+00,2.679832056254867325e+02
7.950000000000000178e+00,3.421270573604211336e+02
8.000000000000000000e+00,3.189761559919288629e+02
8.050000000000000711e+00,2.468634617810145073e+02
8.099999999999999645e+00,2.536195474079858343e+02
8.149999999999998579e+00,3.371376328288087052e+02
8.200000000000001066e+00,3.961672014516896070e+02
8.250000000000000000e+00,3.510878995394907633e+02
8.300000000000000711e+00,2.673706457735057711e+02
8.349999999999999645e+00,2.783425361616824603e+02
8.400000000000000355e+00,3.564932930753323603e+02
8.449999999999999289e+00,4.054338211145709465e+02
8.500000000000000000e+00,3.479189904618785363e+02
8.550000000000000711e+00,2.656532435650327102e+02
8.599999999999999645e+00,2.884206756016697000e+02
8.650000000000000355e+00,3.654429486778290652e+02
8.699999999999999289e+00,4.091430823929546250e+02
8.750000000000000000e+00,3.437396647935173633e+02
8.800000000000000711e+00,2.652441183033319021e+02
8.849999999999999645e+00,3.008203072890665908e+02
8.900000000000000355e+00,3.769655074833970048e+02
8.949999999999999289e+00,4.161887024859851749e+02
9.000000000000000000e+00,3.436699936758125205e+02
9.050000000000000711e+00,2.683226473118758690e+02
9.099999999999999645e+00,3.139802839562892132e+02
9.150000000000000355e+00,3.882652785699536366e+02
9.199999999999999289e+00,4.229649335242887673e+02
9.250000000000000000e+00,3.442415201447548725e+02
9.299999999999998934e+00,2.717671199043256820e+02
9.350000000000001421e+00,3.241446054118895859e+02
9.400000000000000355e+00,3.962405763754536565e+02
9.449999999999999289e+00,4.268033135026267360e+02
9.500000000000000000e+00,3.432358703199078036e+02
9.549999999999998934e+00,2.735902784979689386e+02
9.599999999999999645e+00,3.301797133770314758e+02
9.650000000000000355e+00,4.003971902999178951e+02
9.700000000000001066e+00,4.274718841936933700e+02
9.750000000000000000e+00,3.403564736843650849e+02
9.799999999999998934e+00,2.734406126347816439e+02
9.849999999999999645e+00,3.327391699165133900e+02
9.900000000000000355e+00,4.015855059660474353e+02
9.950000000000001066e+00,4.258264046127920892e+02
1.000000000000000000e+01,3.361922462154614664e+02
1.005000000000000071e+01,2.717663629474362779e+02
1.009999999999999964e+01,3.328877531040237159e+02
1.014999999999999858e+01,4.008135448485113557e+02
1.020000000000000107e+01,4.228053644011525307e+02
1.025000000000000000e+01,3.314342123807268763e+02
1.030000000000000071e+01,2.690824584198349498e+02
1.034999999999999964e+01,3.314039778482122642e+02
1.040000000000000036e+01,3.987430798432299071e+02
1.044999999999999929e+01,4.189997218464607727e+02
1.050000000000000000e+01,3.264897826830937220e+02
1.055000000000000071e+01,2.656260038765178706e+02
1.059999999999999964e+01,3.286092801455840799e+02
1.065000000000000036e+01,3.956157523849349786e+02
1.069999999999999929e+01,4.145969088679984225e+02
1.075000000000000000e+01,3.214396631130138076e+02
1.080000000000000071e+01,2.613986581249894243e+02
1.084999999999999964e+01,3.245496204575506454e+02
1.090000000000000036e+01,3.914493252713307356e+02
1.094999999999999929e+01,4.095929827387997193e+02
1.100000000000000000e+01,3.162356917880318292e+02
1.105000000000000071e+01,2.563690857131306302e+02
1.109999999999999964e+01,3.192214920126742754e+02
1.115000000000000036e+01,3.862353675997360938e+02
1.119999999999999929e+01,4.039963353937815782e+02
1.125000000000000000e+01,3.108747625119488589e+02
1.129999999999999893e+01,2.505849290288052202e+02
1.135000000000000142e+01,3.126426404037953830e+02
1.140000000000000036e+01,3.799801660486843389e+02
1.144999999999999929e+01,3.978394582587611126e+02
1.150000000000000000e+01,3.053908446714323759e+02
1.154999999999999893e+01,2.441378584624447683e+02
1.159999999999999964e+01,3.047950101643116341e+02
1.165000000000000036e+01,3.726450277848863379e+02
1.170000000000000107e+01,3.911069800407495336e+02
1.175000000000000000e+01,2.997928455994388628e+02
1.179999999999999893e+01,2.371160719516981317e+02
1.184999999999999964e+01,2.955720482594160217e+02
1.190000000000000036e+01,3.640998613253198641e+02
1.195000000000000107e+01,3.836893034568515191e+02
1.200000000000000000e+01,2.940318008487458883e+02
1.205000000000000071e+01,2.296004550482079765e+02
1.209999999999999964e+01,2.847786452484543815e+02
1.214999999999999858e+01,3.541202855835948071e+02
1.220000000000000107e+01,3.753740747583238999e+02
1.225000000000000000e+01,2.879903603420169702e+02
1.230000000000000071e+01,2.216607598791288467e+02
1.234999999999999964e+01,2.721377493654812838e+02
1.240000000000000036e+01,3.423862879247294586e+02
1.244999999999999929e+01,3.658560369889238473e+02
1.250000000000000000e+01,2.814931518217834423e+02
1.255000000000000071e+01,2.133390894082918976e+02
1.259999999999999964e+01,2.572824972595237796e+02
1.265000000000000036e+01,3.284539654996850686e+02
1.269999999999999929e+01,3.547139327763090364e+02
1.275000000000000000e+01,2.742931846408223464e+02
1.280000000000000071e+01,2.046388853954636602e+02
1.284999999999999964e+01,2.398491991934890848e+02
1.290000000000000036e+01,3.118009226077216454e+02
1.294999999999999929e+01,3.414173572106329857e+02
1.300000000000000000e+01,2.660547701509373155e+02
1.305000000000000071e+01,1.955092119263444204e+02
1.310000000000000142e+01,2.197751613555590495e+02
1.315000000000000036e+01,2.921574450628602335e+02
1.319999999999999929e+01,3.259784540686443961e+02
1.325000000000000000e+01,2.571127946804701310e+02
1.329999999999999893e+01,1.861058643195501077e+02
1.335000000000000142e+01,1.963638221018337049e+02
1.340000000000000036e+01,2.680481562383655501e+02
1.344999999999999929e+01,3.068361951905207547e+02
1.350000000000000000e+01,2.465696079357252302e+02
1.354999999999999893e+01,1.762748575765434964e+02
1.359999999999999964e+01,1.712181652107045977e+02
1.365000000000000036e+01,2.393863199845098109e+02
1.370000000000000107e+01,2.822514109238173887e+02
1.375000000000000000e+01,2.319983450676929237e+02
1.379999999999999893e+01,1.644588512679880239e+02
1.384999999999999964e+01,1.462834945543286267e+02
1.389999999999999858e+01,2.067062393213187192e+02
1.395000000000000107e+01,2.525875972378541974e+02
1.400000000000000000e+01,2.136622934060779642e+02
1.405000000000000071e+01,1.510436385241602011e+02
1.409999999999999964e+01,1.240160400638970799e+02
1.414999999999999858e+01,1.711985670621035922e+02
1.420000000000000107e+01,2.183044993787820260e+02
1.425000000000000000e+01,1.915919839062585766e+02
1.430000000000000071e+01,1.360225019548474847e+02
1.434999999999999964e+01,1.046605591418749697e+02
1.440000000000000036e+01,1.336432758403810226e+02
1.444999999999999929e+01,1.790540678674308310e+02
1.450000000000000000e+01,1.649633181713605836e+02
1.455000000000000071e+01,1.187476519836040154e+02
1.459999999999999964e+01,8.721145011679337244e+01
1.465000000000000036e+01,9.752512968043754427e+01
1.469999999999999929e+01,1.369709987159606328e+02
1.475000000000000000e+01,1.346254444750180710e+02
1.480000000000000071e+01,9.957158860329433026e+01
1.484999999999999964e+01,7.114345081599482512e+01
1.490000000000000036e+01,6.825870864496639001e+01
1.494999999999999929e+01,9.712989007698071475e+01
1.500000000000000000e+01,1.036278948212395932e+02
1.504999999999999893e+01,8.011530378684935272e+01
1.510000000000000142e+01,5.673748630072948629e+01
1.515000000000000036e+01,4.782295862443950085e+01
1.519999999999999929e+01,6.389826696603925882e+01
1.525000000000000000e+01,7.473109291131225973e+01
1.529999999999999893e+01,6.161613503070793740e+01
1.535000000000000142e+01,4.409108822997369970e+01
1.540000000000000036e+01,3.415171029628687194e+01
1.545000000000000107e+01,3.958240782574212346e+01
1.550000000000000000e+01,4.970770373106611828e+01
1.554999999999999893e+01,4.445802150916987472e+01
1.559999999999999964e+01,3.279752800995218109e+01
1.565000000000000036e+01,2.436509447121526506e+01
1.569999999999999929e+01,2.383882613650705551e+01
1.575000000000000000e+01,2.953790606686479947e+01
1.580000000000000071e+01,2.853500057662173361e+01
1.584999999999999964e+01,2.208937951870051464e+01
1.590000000000000036e+01,1.628893053460391727e+01
1.594999999999999929e+01,1.384094895210105847e+01
1.600000000000000000e+01,1.475737743822647730e+01
1.604999999999999716e+01,1.450343747956803320e+01
1.610000000000000142e+01,1.188245399732920049e+01
1.615000000000000213e+01,9.012178576669789720e+00
1.619999999999999929e+01,7.052299477187213839e+00
1.625000000000000000e+01,6.015024208338330958e+00
1.629999999999999716e+01,5.339643810806716573e+00
1.635000000000000142e+01,4.680878427636808503e+00
1.640000000000000213e+01,3.981315137312183339e+00
1.644999999999999929e+01,3.211872512550228986e+00
1.650000000000000000e+01,2.473579390872356232e+00
1.654999999999999716e+01,2.015082708227966979e+00
1.660000000000000142e+01,2.308807458821575231e+00
1.665000000000000213e+01,3.646335707356977096e+00
1.669999999999999929e+01,4.266058780709921727e+00
1.675000000000000000e+01,3.704090199377397141e+00
1.680000000000000071e+01,3.288760935397732954e+00
1.685000000000000142e+01,6.902047263194442728e+00
1.689999999999999858e+01,2.898226763294057307e+01
1.694999999999999929e+01,4.839509790484967056e+01
1.700000000000000000e+01,4.429621383921957545e+01
1.705000000000000071e+01,3.788568796683190953e+01
1.710000000000000142e+01,6.693729711510036395e+01
1.714999999999999858e+01,1.473077690217846225e+02
1.719999999999999929e+01,2.099090386689103696e+02
1.725000000000000000e+01,1.855580521610412177e+02
1.730000000000000071e+01,1.483716542887528078e+02
1.735000000000000142e+01,1.939002913048951768e+02
1.739999999999999858e+01,2.803800050163771402e+02
1.744999999999999929e+01,3.302771435461880856e+02
1.750000000000000000e+01,2.698792662942576612e+02
1.755000000000000071e+01,2.059867922142421719e+02
1.760000000000000142e+01,2.453243727916495516e+02
1.764999999999999858e+01,3.194480244422127839e+02
1.769999999999999929e+01,3.481063261520640140e+02
1.775000000000000000e+01,2.702726064109016306e+02
1.780000000000000071e+01,2.052120015118437095e+02
1.785000000000000142e+01,2.481405944815664952e+02
1.789999999999999858e+01,3.183378550092195951e+02
1.794999999999999929e+01,3.382203980039492990e+02
1.800000000000000000e+01,2.582094872496697349e+02
1.805000000000000071e+01,2.003342200164950668e+02
1.810000000000000142e+01,2.524577583874423112e+02
1.814999999999999858e+01,3.226305431345836041e+02
1.819999999999999929e+01,3.388271493469557072e+02
1.825000000000000000e+01,2.568008608795948362e+02
1.830000000000000071e+01,2.039847090213486922e+02
1.835000000000000142e+01,2.631559575590911209e+02
1.839999999999999858e+01,3.325106420152375790e+02
1.845000000000000284e+01,3.453109360035978739e+02
1.850000000000000000e+01,2.600941338302907866e+02
1.855000000000000071e+01,2.103846240760727540e+02
1.859999999999999787e+01,2.731979997829453168e+02
1.864999999999999858e+01,3.408472750054068570e+02
1.870000000000000284e+01,3.500892246589706360e+02
1.875000000000000000e+01,2.622354479928148976e+02
1.880000000000000071e+01,2.150512132556707172e+02
1.884999999999999787e+01,2.796035850595256989e+02
1.889999999999999858e+01,3.456039175374913270e+02
1.895000000000000284e+01,3.515651433308001970e+02
1.900000000000000000e+01,2.621079043789914635e+02
1.905000000000000071e+01,2.173612444540806052e+02
1.909999999999999787e+01,2.829300849283018238e+02
1.914999999999999858e+01,3.477137635015782848e+02
1.919999999999999929e+01,3.510074748270073997e+02
1.925000000000000000e+01,2.607048568233053629e+02
1.930000000000000071e+01,2.181660354567329421e+02
1.934999999999999787e+01,2.844029781868053419e+02
1.940000000000000213e+01,3.483432536422750445e+02
1.944999999999999929e+01,3.496532084585450093e+02
1.950000000000000000e+01,2.589177325224866877e+02
1.955000000000000071e+01,2.180439537258392875e+02
1.959999999999999787e+01,2.846284634035864656e+02
1.965000000000000213e+01,3.479655554292915554e+02
1.969999999999999929e+01,3.478606073437583746e+02
1.975000000000000000e+01,2.569419046247284086e+02
1.980000000000000071e+01,2.170524903383329729e+02
1.984999999999999787e+01,2.836926473436843708e+02
1.990000000000000213e+01,3.466112904662137453e+02
1.994999999999999929e+01,3.455405699990296284e+02
2.000000000000000000e+01,2.546635460442569467e+02
2.004999999999999716e+01,2.151272316301250100e+02
2.010000000000000142e+01,2.816032586850490702e+02
2.015000000000000213e+01,3.442900568099631187e+02
2.019999999999999929e+01,3.426747381938577632e+02
2.025000000000000000e+01,2.520598637390512806e+02
2.029999999999999716e+01,2.123190670438923178e+02
2.035000000000000142e+01,2.784545315324270973e+02
2.040000000000000213e+01,3.411016928716890675e+02
2.044999999999999929e+01,3.394136579711514514e+02
2.050000000000000000e+01,2.492547704452323103e+02
2.054999999999999716e+01,2.087487984725041485e+02
2.060000000000000142e+01,2.743325416237595960e+02
2.065000000000000213e+01,3.371166225355026995e+02
2.069999999999999929e+01,3.358600809126608056e+02
2.075000000000000000e+01,2.463372906924184065e+02
2.080000000000000071e+01,2.045045511696166614e+02
2.085000000000000142e+01,2.692406301733281566e+02
2.089999999999999858e+01,3.323139384791323323e+02
2.094999999999999929e+01,3.319788250056676020e+02
2.100000000000000000e+01,2.432953940670181794e+02
2.105000000000000071e+01,1.996502024339318098e+02
2.110000000000000142e+01,2.631389011468205013e+02
2.114999999999999858e+01,3.266333917191988689e+02
2.119999999999999929e+01,3.276808742501773963e+02
2.125000000000000000e+01,2.400842122684418314e+02
2.130000000000000071e+01,1.942709511891746388e+02
2.135000000000000142e+01,2.559815795210240310e+02
2.139999999999999858e+01,3.200108603623494901e+02
2.144999999999999929e+01,3.228898081895684982e+02
2.150000000000000000e+01,2.366785359317233031e+02
2.155000000000000071e+01,1.884763194212146118e+02
2.160000000000000142e+01,2.476878236616676077e+02
2.164999999999999858e+01,3.123380664912692737e+02
2.169999999999999929e+01,3.174801903307226780e+02
2.175000000000000000e+01,2.330198555691964089e+02
2.180000000000000071e+01,1.823501296074592233e+02
2.185000000000000142e+01,2.380832042592832352e+02
2.189999999999999858e+01,3.034093196824773031e+02
2.194999999999999929e+01,3.112499947692309661e+02
2.200000000000000000e+01,2.290073252547494462e+02
2.205000000000000071e+01,1.759497670260683151e+02
2.210000000000000142e+01,2.268935043595323293e+02
2.214999999999999858e+01,2.929015811159908935e+02
2.219999999999999929e+01,3.038749722980825823e+02
2.225000000000000000e+01,2.244570475972677173e+02
2.230000000000000071e+01,1.692801776881390197e+02
2.234999999999999787e+01,2.137681329848146277e+02
2.239999999999999858e+01,2.803847741995792262e+02
2.245000000000000284e+01,2.949305359617302429e+02
2.250000000000000000e+01,2.191209450911667034e+02
2.255000000000000071e+01,1.623083956548664730e+02
2.259999999999999787e+01,1.984188685471968938e+02
2.264999999999999858e+01,2.654185555085928172e+02
2.270000000000000284e+01,2.839510870933046931e+02
2.275000000000000000e+01,2.127095300732568433e+02
2.280000000000000071e+01,1.549515057818945252e+02
2.284999999999999787e+01,1.807872400358473044e+02
2.289999999999999858e+01,2.476546422136148919e+02
2.295000000000000284e+01,2.704771828042900097e+02
2.300000000000000000e+01,2.049040697044080446e+02
2.305000000000000071e+01,1.470898690427646613e+02
2.309999999999999787e+01,1.613369592127872636e+02
2.315000000000000213e+01,2.270801907160520159e+02
2.319999999999999929e+01,2.542778712944771939e+02
2.325000000000000000e+01,1.955114042331559574e+02
2.330000000000000071e+01,1.386601043965985696e+02
2.334999999999999787e+01,1.411598462468726041e+02
2.340000000000000213e+01,2.040887169468565503e+02
2.344999999999999929e+01,2.353874120519215296e+02
2.350000000000000000e+01,1.844688302644194380e+02
2.355000000000000071e+01,1.296601337254953421e+02
2.359999999999999787e+01,1.216814916351129199e+02
2.365000000000000213e+01,1.792370557195376080e+02
2.369999999999999929e+01,2.139007127992296944e+02
2.375000000000000000e+01,1.716908573801602813e+02
2.380000000000000071e+01,1.200380812420663545e+02
2.385000000000000142e+01,1.039480697703502017e+02
2.390000000000000213e+01,1.526912427073615106e+02
2.394999999999999929e+01,1.895341888608941190e+02
2.400000000000000000e+01,1.567923281031066267e+02
2.404999999999999716e+01,1.095391421150965527e+02
2.410000000000000142e+01,8.824021406411830526e+01
2.415000000000000213e+01,1.243215864568149698e+02
2.419999999999999929e+01,1.615902555580333342e+02
2.425000000000000000e+01,1.389906756700193569e+02
2.429999999999999716e+01,9.764247111167345849e+01
2.435000000000000142e+01,7.415174934407352225e+01
2.440000000000000213e+01,9.500870882813867979e+01
2.444999999999999929e+01,1.301045706368120136e+02
2.450000000000000000e+01,1.178631726012789187e+02
2.454999999999999716e+01,8.402697529042529823e+01
2.460000000000000142e+01,6.115120472533739360e+01
2.464999999999999858e+01,6.797883265412512799e+01
2.469999999999999929e+01,9.747829986313317363e+01
2.475000000000000000e+01,9.460154027855485026e+01
2.480000000000000071e+01,6.933874678731930885e+01
2.485000000000000142e+01,4.920854586718474621e+01
2.489999999999999858e+01,4.686420895000243547e+01
2.494999999999999929e+01,6.762879516928192913e+01
2.500000000000000000e+01,7.160218477881875287e+01
2.505000000000000071e+01,5.489658297484441363e+01
2.510000000000000142e+01,3.867113305226202158e+01
2.514999999999999858e+01,3.241209855682600960e+01
2.519999999999999929e+01,4.354348249755036449e+01
2.525000000000000000e+01,5.081381724224203111e+01
2.530000000000000071e+01,4.160152149342312100e+01
2.535000000000000142e+01,2.964112879797490052e+01
2.539999999999999858e+01,2.287391005962141577e+01
2.544999999999999929e+01,2.652810202899199510e+01
2.550000000000000000e+01,3.336756064775232034e+01
2.555000000000000071e+01,2.969171548988438403e+01
2.560000000000000142e+01,2.182867057605784566e+01
2.564999999999999858e+01,1.617664142176683484e+01
2.569999999999999929e+01,1.582138394938607640e+01
2.575000000000000000e+01,1.964459140298792406e+01
2.580000000000000071e+01,1.892557339826537799e+01
2.585000000000000142e+01,1.461356718880881012e+01
2.589999999999999858e+01,1.075886011175657764e+01
2.594999999999999929e+01,9.140364159962887314e+00
2.600000000000000000e+01,9.757535676273995762e+00
2.605000000000000071e+01,9.582036578865174903e+00
2.610000000000000142e+01,7.839096971369574618e+00
2.614999999999999858e+01,5.939859627858459667e+00
2.620000000000000284e+01,4.648021547788761865e+00
2.625000000000000000e+01,3.967292943912150704e+00
2.630000000000000071e+01,3.523058021245129900e+00
2.634999999999999787e+01,3.087721407176601041e+00
2.639999999999999858e+01,2.625622550386555787e+00
2.645000000000000284e+01,2.118218473091694865e+00
2.650000000000000000e+01,1.631694349773145092e+00
2.655000000000000071e+01,1.329985879565074081e+00
2.659999999999999787e+01,1.526229410967278266e+00
2.664999999999999858e+01,2.414617585195805827e+00
2.670000000000000284e+01,2.822622070410333972e+00
2.675000000000000000e+01,2.448380711784743813e+00
2.680000000000000071e+01,2.173340746584154992e+00
2.684999999999999787e+01,4.594106145839038646e+00
2.689999999999999858e+01,2.022760193159618325e+01
2.695000000000000284e+01,3.381013862256976665e+01
2.700000000000000000e+01,3.074178856006113492e+01
2.705000000000000071e+01,2.619789065980758735e+01
2.709999999999999787e+01,4.750559422834295020e+01
2.715000000000000213e+01,1.152049177780001941e+02
2.719999999999999929e+01,1.673155683660213526e+02
2.725000000000000000e+01,1.459040629911700080e+02
2.730000000000000071e+01,1.156647618276843446e+02
2.734999999999999787e+01,1.536636178941333810e+02
2.740000000000000213e+01,2.337754225727531434e+02
2.744999999999999929e+01,2.792688050959528709e+02
2.750000000000000000e+01,2.259444381459855151e+02
2.755000000000000071e+01,1.712156571250201011e+02
2.759999999999999787e+01,2.059080740254912598e+02
2.765000000000000213e+01,2.769693879874838558e+02
2.769999999999999929e+01,3.034877708587223424e+02
2.775000000000000000e+01,2.334973723471191249e+02
2.779999999999999716e+01,1.758182973522931434e+02
2.785000000000000142e+01,2.141138231826638219e+02
2.790000000000000213e+01,2.813517355334936951e+02
2.794999999999999929e+01,2.987579266775750853e+02
2.800000000000000000e+01,2.258018098597382846e+02
2.804999999999999716e+01,1.734394382556452570e+02
2.810000000000000142e+01,2.205525966154005744e+02
2.815000000000000213e+01,2.876371294799352540e+02
2.819999999999999929e+01,3.011520799345628916e+02
2.825000000000000000e+01,2.259893752071447750e+02
2.829999999999999716e+01,1.776466564259385166e+02
2.835000000000000142e+01,2.319944752518958069e+02
2.840000000000000213e+01,2.985489968030199179e+02
2.844999999999999929e+01,3.088708280724797532e+02
2.850000000000000000e+01,2.304852361516746271e+02
2.855000000000000071e+01,1.845225208884267829e+02
2.860000000000000142e+01,2.429369962612801999e+02
2.864999999999999858e+01,3.081140877454182032e+02
2.869999999999999929e+01,3.151284086431732021e+02
2.875000000000000000e+01,2.339819202840412231e+02
2.880000000000000071e+01,1.899504807434153122e+02
2.885000000000000142e+01,2.504503035242591125e+02
2.889999999999999858e+01,3.141657161017418503e+02
2.894999999999999929e+01,3.180935794517948807e+02
2.900000000000000000e+01,2.351935793231245100e+02
2.905000000000000071e+01,1.931284882990601943e+02
2.910000000000000142e+01,2.548736628590299063e+02
2.914999999999999858e+01,3.174563706815128512e+02
2.919999999999999929e+01,3.188724751691280517e+02
2.925000000000000000e+01,2.349925510443205781e+02
2.930000000000000071e+01,1.947839164881168301e+02
2.935000000000000142e+01,2.573527830345450411e+02
2.939999999999999858e+01,3.191308624727267897e+02
2.944999999999999929e+01,3.186978791170278100e+02
2.950000000000000000e+01,2.342638457838117745e+02
2.955000000000000071e+01,1.954857321076904668e+02
2.960000000000000142e+01,2.585139899727507213e+02
2.964999999999999858e+01,3.197068340672308295e+02
2.969999999999999929e+01,3.179843940025722304e+02
2.975000000000000000e+01,2.332518276741832324e+02
2.980000000000000071e+01,1.953240988903143318e+02
2.985000000000000142e+01,2.584817526048358332e+02
2.989999999999999858e+01,3.192532506099640841e+02
2.994999999999999929e+01,3.166744503712919254e+02
3.000000000000000000e+01,2.318705675087487350e+02
3.005000000000000071e+01,1.942457415977713140e+02
3.009999999999999787e+01,2.572810025959813629e+02
3.014999999999999858e+01,3.177970859699256607e+02
3.020000000000000284e+01,3.147663330741258960e+02
3.025000000000000000e+01,2.301117334664857026e+02
3.030000000000000071e+01,1.922987800337088231e+02
3.034999999999999787e+01,2.550090304416416700e+02
3.039999999999999858e+01,3.154437602764982671e+02
3.045000000000000284e+01,3.124110099227294768e+02
3.050000000000000000e+01,2.280976101033159011e+02
3.055000000000000071e+01,1.895962031957653551e+02
3.059999999999999787e+01,2.517518755410001177e+02
3.064999999999999858e+01,3.122679814041442228e+02
3.070000000000000284e+01,3.097172815926307408e+02
3.075000000000000000e+01,2.259217731584475928e+02
3.080000000000000071e+01,1.862247058440328544e+02
3.084999999999999787e+01,2.475166661401043484e+02
3.090000000000000213e+01,3.082534645851672508e+02
3.094999999999999929e+01,3.066506424818946925e+02
3.100000000000000000e+01,2.235715909344965553e+02
3.105000000000000071e+01,1.822412207774841875e+02
3.109999999999999787e+01,2.422656890277451112e+02
3.115000000000000213e+01,3.033446970878671891e+02
3.119999999999999929e+01,3.031341625924862342e+02
3.125000000000000000e+01,2.210122039133080136e+02
3.130000000000000071e+01,1.777252289057852579e+02
3.135000000000000142e+01,2.359536868565550378e+02
3.139999999999999858e+01,2.974777344615977199e+02
3.144999999999999929e+01,2.990877060951519866e+02
3.150000000000000000e+01,2.182132159472937474e+02
3.155000000000000071e+01,1.727721208289845265e+02
3.160000000000000142e+01,2.285002022643478767e+02
3.164999999999999858e+01,2.905468574163070343e+02
3.169999999999999929e+01,2.943939409653283406e+02
3.175000000000000000e+01,2.151220805090935073e+02
3.180000000000000071e+01,1.674590279551821652e+02
3.185000000000000497e+01,2.197404639962894066e+02
3.189999999999999858e+01,2.823547274253769501e+02
3.194999999999999929e+01,2.888556128724086420e+02
3.200000000000000000e+01,2.116382102809150751e+02
3.205000000000000426e+01,1.618332237553295556e+02
3.209999999999999432e+01,2.094180358019210928e+02
3.214999999999999858e+01,2.725944481473306382e+02
3.220000000000000284e+01,2.821643243539706987e+02
3.225000000000000000e+01,2.075870434283768873e+02
3.230000000000000426e+01,1.558954721124218281e+02
3.234999999999999432e+01,1.972167202090548699e+02
3.239999999999999858e+01,2.608671051165701442e+02
3.245000000000000284e+01,2.739236671430112438e+02
3.250000000000000000e+01,2.027383375834288017e+02
3.255000000000000426e+01,1.496154325555186517e+02
3.259999999999999432e+01,1.829000032135255935e+02
3.264999999999999858e+01,2.467795772301296893e+02
3.270000000000000284e+01,2.637016624119722792e+02
3.275000000000000000e+01,1.968208226049520135e+02
3.280000000000000426e+01,1.429134574992305033e+02
3.284999999999999432e+01,1.664594664969331177e+02
3.289999999999999858e+01,2.300390209583864305e+02
3.295000000000000284e+01,2.510940672161516716e+02
3.300000000000000000e+01,1.895568754555729925e+02
3.305000000000000426e+01,1.356924765388290552e+02
3.309999999999999432e+01,1.483862221874819625e+02
3.314999999999999858e+01,2.106772702898839498e+02
3.320000000000000284e+01,2.359090196881315933e+02
3.325000000000000000e+01,1.807796386648316229e+02
3.330000000000000426e+01,1.279021084963899852e+02
3.334999999999999432e+01,1.297197236274757586e+02
3.339999999999999858e+01,1.890812937142636088e+02
3.345000000000000284e+01,2.181931294901899321e+02
3.350000000000000000e+01,1.704425955483290807e+02
3.355000000000000426e+01,1.195499972258105288e+02
3.360000000000000142e+01,1.117643510105602616e+02
3.364999999999999858e+01,1.657613405159327726e+02
3.370000000000000284e+01,1.980264598024234033e+02
3.375000000000000000e+01,1.584616371868492024e+02
3.379999999999999716e+01,1.105867226434593107e+02
3.385000000000000142e+01,9.543864483836568979e+01
3.389999999999999858e+01,1.408599524246509702e+02
3.395000000000000284e+01,1.751346452251649737e+02
3.400000000000000000e+01,1.444702927894414302e+02
3.404999999999999716e+01,1.007708172857632718e+02
3.410000000000000142e+01,8.095717321979991254e+01
3.414999999999999858e+01,1.143021282518607364e+02
3.420000000000000284e+01,1.489091723951657968e+02
3.425000000000000000e+01,1.277667352879162337e+02
3.429999999999999716e+01,8.963461391792588984e+01
3.435000000000000142e+01,6.793496044788604138e+01
3.439999999999999858e+01,8.702350046346431611e+01
3.445000000000000284e+01,1.195036081477493326e+02
3.450000000000000000e+01,1.080445701929511131e+02
3.454999999999999716e+01,7.693534999313165201e+01
3.460000000000000142e+01,5.591123861255585581e+01
3.464999999999999858e+01,6.206804385930998080e+01
3.470000000000000284e+01,8.923841385632952949e+01
3.475000000000000000e+01,8.648207862875383967e+01
3.479999999999999716e+01,6.332104495934540012e+01
3.485000000000000142e+01,4.489249665066111561e+01
3.489999999999999858e+01,4.269495511841394375e+01
3.495000000000000284e+01,6.171562733942383971e+01
3.500000000000000000e+01,6.529214712411281596e+01
3.504999999999999716e+01,5.001355712044129831e+01
3.510000000000000142e+01,3.520539492380354574e+01
3.514999999999999858e+01,2.947950020230467771e+01
3.520000000000000284e+01,3.962536684989969160e+01
3.525000000000000000e+01,4.623895942103631995e+01
3.529999999999999716e+01,3.782941988082852447e+01
3.535000000000000142e+01,2.693904690560245285e+01
3.539999999999999858e+01,2.077688436634226932e+01
3.545000000000000284e+01,2.409535784568739913e+01
3.550000000000000000e+01,3.031928055375338715e+01
3.554999999999999716e+01,2.696704116739445212e+01
3.560000000000000142e+01,1.981802193094304343e+01
3.564999999999999858e+01,1.468163111080583683e+01
3.570000000000000284e+01,1.435769988592922708e+01
3.575000000000000000e+01,1.783401083924477959e+01
3.579999999999999716e+01,1.717827563545091252e+01
3.585000000000000142e+01,1.326124145819477107e+01
3.589999999999999858e+01,9.761367001918607400e+00
3.595000000000000284e+01,8.292557124127029056e+00
3.600000000000000000e+01,8.854364085903796422e+00
3.604999999999999716e+01,8.695475539363686224e+00
3.610000000000000142e+01,7.113216466500117185e+00
3.614999999999999858e+01,5.389415715362300574e+00
3.620000000000000284e+01,4.217305212812418880e+00
3.625000000000000000e+01,3.600084457212048505e+00
3.629999999999999716e+01,3.197439902434700443e+00
3.635000000000000142e+01,2.802642759272430784e+00
3.639999999999999858e+01,2.383354967547436143e+00
3.645000000000000284e+01,1.922853749154223024e+00
3.650000000000000000e+01,1.481299820866110784e+00
3.654999999999999716e+01,1.207596416775476911e+00
3.660000000000000142e+01,1.386426393461839490e+00
3.664999999999999858e+01,2.194512744464113929e+00
3.670000000000000284e+01,2.565245233856073614e+00
3.675000000000000000e+01,2.224921164328685919e+00
3.679999999999999716e+01,1.975028074419557855e+00
3.685000000000000142e+01,4.179297523950581628e+00
3.690000000000000568e+01,1.851154185701570754e+01
3.694999999999999574e+01,3.094365204434313554e+01
3.700000000000000000e+01,2.811383183676914044e+01
3.704999999999999716e+01,2.394931143967351517e+01
3.710000000000000142e+01,4.357710503272338087e+01
3.715000000000000568e+01,1.071837726557465515e+02
3.719999999999999574e+01,1.560650824530829084e+02
3.725000000000000000e+01,1.358755054775891722e+02
3.729999999999999716e+01,1.076170059990903667e+02
3.735000000000000142e+01,1.433144213812786063e+02
3.740000000000000568e+01,2.197674646814720063e+02
3.744999999999999574e+01,2.631488736182163279e+02
3.750000000000000000e+01,2.127172067117232359e+02
3.754999999999999716e+01,1.610988939928705292e+02
3.760000000000000142e+01,1.940528683492478592e+02
3.765000000000000568e+01,2.623999986635581649e+02
3.769999999999999574e+01,2.878782544067597655e+02
3.775000000000000000e+01,2.213297590570213345e+02
3.779999999999999716e+01,1.665119906891347057e+02
3.785000000000000142e+01,2.029911256718402512e+02
3.790000000000000568e+01,2.677512151530690403e+02
3.794999999999999574e+01,2.843802618792760768e+02
3.800000000000000000e+01,2.147097996501454134e+02
3.804999999999999716e+01,1.646939226033831005e+02
3.810000000000000142e+01,2.096606960213646573e+02
3.815000000000000568e+01,2.742751861819078272e+02
3.819999999999999574e+01,2.870929896726669313e+02
3.825000000000000000e+01,2.151927790187477285e+02
3.829999999999999716e+01,1.689022625255330183e+02
3.835000000000000142e+01,2.209132639818361952e+02
3.839999999999999858e+01,2.850782135655017555e+02
3.844999999999999574e+01,2.948352573812108517e+02
3.850000000000000000e+01,2.197771105678214099e+02
3.855000000000000426e+01,1.756844505778509244e+02
3.860000000000000142e+01,2.317191531764583203e+02
3.864999999999999858e+01,2.946290670452425502e+02
3.869999999999999574e+01,3.012229898435163591e+02
3.875000000000000000e+01,2.234342527582188325e+02
3.880000000000000426e+01,1.811162387467520034e+02
3.885000000000000142e+01,2.392454405936965429e+02
3.889999999999999858e+01,3.007939798270321035e+02
3.894999999999999574e+01,3.044227055678667284e+02
3.900000000000000000e+01,2.248711621357861361e+02
3.905000000000000426e+01,1.843771902844102613e+02
3.910000000000000142e+01,2.437664702191187587e+02
3.914999999999999858e+01,3.042500555686417556e+02
3.919999999999999574e+01,3.054600595005923651e+02
3.925000000000000000e+01,2.249031350215576595e+02
3.930000000000000426e+01,1.861471984854593700e+02
3.935000000000000142e+01,2.463745998169601705e+02
3.939999999999999858e+01,3.061003646068354556e+02
3.944999999999999574e+01,3.055309748814134423e+02
3.950000000000000000e+01,2.243908550522079679e+02
3.955000000000000426e+01,1.869793263021323355e+02
3.960000000000000142e+01,2.476834961299633733e+02
3.964999999999999858e+01,3.068587494609953410e+02
3.969999999999999574e+01,3.050513935338870510e+02
3.975000000000000000e+01,2.235819841123229139e+02
3.980000000000000426e+01,1.869678740920974747e+02
3.984999999999999432e+01,2.478220991503880555e+02
3.989999999999999858e+01,3.066012107498553405e+02
3.995000000000000284e+01,3.039742871237812665e+02
4.000000000000000000e+01,2.223997932974318701e+02
4.005000000000000426e+01,1.860639696272059211e+02
4.009999999999999432e+01,2.468178848398174807e+02
4.014999999999999858e+01,3.053572007890748523e+02
4.020000000000000284e+01,3.023009000449965242e+02
4.025000000000000000e+01,2.208382851338908495e+02
4.030000000000000426e+01,1.843136894717829080e+02
4.034999999999999432e+01,2.447654057430021055e+02
4.039999999999999858e+01,3.032297241763920397e+02
4.045000000000000284e+01,3.001782778902894506e+02
4.050000000000000000e+01,2.190163977267262112e+02
4.055000000000000426e+01,1.818257607017960993e+02
4.059999999999999432e+01,2.417482924012747389e+02
4.064999999999999858e+01,3.002922960326210955e+02
4.070000000000000284e+01,2.977134334897066879e+02
4.075000000000000000e+01,2.170260311843099430e+02
4.080000000000000426e+01,1.786844923507688350e+02
4.084999999999999432e+01,2.377744883649733652e+02
4.089999999999999858e+01,2.965305766088795281e+02
4.095000000000000284e+01,2.948744646255257180e+02
4.100000000000000000e+01,2.148560262710619213e+02
4.105000000000000426e+01,1.749447625942187585e+02
4.109999999999999432e+01,2.328077434713938487e+02
4.114999999999999858e+01,2.918912394092723730e+02
4.120000000000000284e+01,2.915874548772377466e+02
4.125000000000000000e+01,2.124730198566808497e+02
4.130000000000000426e+01,1.706826796444203183e+02
4.134999999999999432e+01,2.268040101687371930e+02
4.139999999999999858e+01,2.863122367597198945e+02
4.145000000000000284e+01,2.877747811802778415e+02
4.150000000000000000e+01,2.098475075947564505e+02
4.154999999999999716e+01,1.659895256959765106e+02
4.160000000000000142e+01,2.196852346134880349e+02
4.164999999999999858e+01,2.796911271741323617e+02
4.170000000000000284e+01,2.833229122650517411e+02
4.175000000000000000e+01,2.069286407415416420e+02
4.179999999999999716e+01,1.609391791175200410e+02
4.185000000000000142e+01,2.112924094377143547e+02
4.189999999999999858e+01,2.718371322669069059e+02
4.195000000000000284e+01,2.780408991545029380e+02
4.200000000000000000e+01,2.036188682724131525e+02
4.204999999999999716e+01,1.555764894411403247e+02
4.210000000000000142e+01,2.013785133181394542e+02
4.214999999999999858e+01,2.624537441579782353e+02
4.220000000000000284e+01,2.716301933766494585e+02
4.225000000000000000e+01,1.997489505383452695e+02
4.229999999999999716e+01,1.499013478876234160e+02
4.235000000000000142e+01,1.896403974493112230e+02
4.239999999999999858e+01,2.511567539300214946e+02
4.245000000000000284e+01,2.637081059157782761e+02
4.250000000000000000e+01,1.950964362625580293e+02
4.254999999999999716e+01,1.438841155446007463e+02
4.260000000000000142e+01,1.758546409484080186e+02
4.264999999999999858e+01,2.375699430899845481e+02
4.270000000000000284e+01,2.538591615383251110e+02
4.275000000000000000e+01,1.894002019849291969e+02
4.279999999999999716e+01,1.374482645992531218e+02
4.285000000000000142e+01,1.600201282224349484e+02
4.289999999999999858e+01,2.214160533857072153e+02
4.295000000000000284e+01,2.416963963005781864e+02
4.300000000000000000e+01,1.823941684327850510e+02
4.304999999999999716e+01,1.305014005123902336e+02
4.310000000000000142e+01,1.426178599263590741e+02
4.314999999999999858e+01,2.027324761084216505e+02
4.320000000000000284e+01,2.270397876784074640e+02
4.325000000000000000e+01,1.739207358391988123e+02
4.329999999999999716e+01,1.229973525791288580e+02
4.335000000000000142e+01,1.246535472532985978e+02
4.339999999999999858e+01,1.818971757357279557e+02
4.345000000000000284e+01,2.099386803909317791e+02
4.350000000000000000e+01,1.639381055533269489e+02
4.354999999999999716e+01,1.149457000177994814e+02
4.360000000000000142e+01,1.073812557155855529e+02
4.364999999999999858e+01,1.594030726217035578e+02
4.370000000000000284e+01,1.904723438551125696e+02
4.375000000000000000e+01,1.523667759287170895e+02
4.379999999999999716e+01,1.062999928877104310e+02
4.385000000000000142e+01,9.167909081651173153e+01
4.389999999999999858e+01,1.353890582075258067e+02
4.395000000000000284e+01,1.683793129631343959e+02
4.400000000000000000e+01,1.388555602578630896e+02
4.404999999999999716e+01,9.682872851135343240e+01
4.410000000000000142e+01,7.774828295936602274e+01
4.414999999999999858e+01,1.097923482580333143e+02
4.420000000000000284e+01,1.430834550462458878e+02
4.425000000000000000e+01,1.227352885725573799e+02
4.429999999999999716e+01,8.608551282794262249e+01
4.435000000000000142e+01,6.521768874129735138e+01
4.439999999999999858e+01,8.353055680683252149e+01
4.445000000000000284e+01,1.147516225196821722e+02
4.450000000000000000e+01,1.037252441683412911e+02
4.454999999999999716e+01,7.384558827736391606e+01
4.460000000000000142e+01,5.364869071147135315e+01
4.465000000000000568e+01,5.953833974562122222e+01
4.469999999999999574e+01,8.563080353455903548e+01
4.475000000000000000e+01,8.297209583990085946e+01
4.479999999999999716e+01,6.074114360828228598e+01
4.485000000000000142e+01,4.305303577632415823e+01
4.490000000000000568e+01,4.093369203394656353e+01
4.494999999999999574e+01,5.918126572516163009e+01
4.500000000000000000e+01,6.260503807690969325e+01
4.504999999999999716e+01,4.794879344915448627e+01
4.510000000000000142e+01,3.374595963770826756e+01
4.515000000000000568e+01,2.825144941926085096e+01
4.519999999999999574e+01,3.797597932911527607e+01
4.525000000000000000e+01,4.431391119260740652e+01
4.529999999999999716e+01,3.625090829506531520e+01
4.535000000000000142e+01,2.581176842152688167e+01
4.540000000000000568e+01,1.990469478738216225e+01
4.544999999999999574e+01,2.308297809527533673e+01
4.550000000000000000e+01,2.904682295994145136e+01
4.554999999999999716e+01,2.583376281393838880e+01
4.560000000000000142e+01,1.898369425461403992e+01
4.565000000000000568e+01,1.406232476819462462e+01
4.569999999999999574e+01,1.375152131626566820e+01
4.575000000000000000e+01,1.708190464556370713e+01
4.579999999999999716e+01,1.645352915679113082e+01
4.585000000000000142e+01,1.270123360563879977e+01
4.590000000000000568e+01,9.348701476228827190e+00
4.594999999999999574e+01,7.941823031391964882e+00
4.600000000000000000e+01,8.480113154397647790e+00
4.604999999999999716e+01,8.328048790615619978e+00
4.610000000000000142e+01,6.812584958379307665e+00
4.614999999999999858e+01,5.161540660709508899e+00
4.619999999999999574e+01,4.038969928283987265e+00
4.625000000000000000e+01,3.447917634252510410e+00
4.630000000000000426e+01,3.062384133434839839e+00
4.635000000000000142e+01,2.684328763266858875e+00
4.639999999999999858e+01,2.282771121811390191e+00
4.644999999999999574e+01,1.841724141424280647e+00
4.650000000000000000e+01,1.418826402475506399e+00
4.655000000000000426e+01,1.156708367383070257e+00
4.660000000000000142e+01,1.328111210396444752e+00
4.664999999999999858e+01,2.102385628915864224e+00
4.669999999999999574e+01,2.457580054691621996e+00
4.675000000000000000e+01,2.131548675266474735e+00
4.680000000000000426e+01,1.892186224956001750e+00
4.685000000000000142e+01,4.004687739606183960e+00
4.689999999999999858e+01,1.775368626678229234e+01
4.694999999999999574e+01,2.967836998624367695e+01
4.700000000000000000e+01,2.696301005127578776e+01
4.705000000000000426e+01,2.296910561301082865e+01
4.710000000000000142e+01,4.181636426685402341e+01
4.714999999999999858e+01,1.030732224874178513e+02
4.719999999999999574e+01,1.501604765247090540e+02
4.725000000000000000e+01,1.307363393846303836e+02
4.730000000000000426e+01,1.035553731781552074e+02
4.735000000000000142e+01,1.379769842461210771e+02
4.739999999999999858e+01,2.118763415615903511e+02
4.744999999999999574e+01,2.538723206845116067e+02
4.750000000000000000e+01,2.052763500907768446e+02
4.755000000000000426e+01,1.554996515980398613e+02
4.760000000000000142e+01,1.873928829064665535e+02
4.764999999999999858e+01,2.536591001671060042e+02
4.770000000000000284e+01,2.784466556024237889e+02
4.775000000000000000e+01,2.141429284415404766e+02
4.780000000000000426e+01,1.611169877319812826e+02
4.784999999999999432e+01,1.964499437257214254e+02
4.789999999999999858e+01,2.592987569765908233e+02
4.795000000000000284e+01,2.754862366506588387e+02
4.800000000000000000e+01,2.080133310299638651e+02
4.805000000000000426e+01,1.595261497587868860e+02
4.809999999999999432e+01,2.030844372324981748e+02
4.814999999999999858e+01,2.657945459316150050e+02
4.820000000000000284e+01,2.782608113409739303e+02
4.825000000000000000e+01,2.085727957024941190e+02
4.830000000000000426e+01,1.636607975765778349e+02
4.834999999999999432e+01,2.140696803012682210e+02
4.839999999999999858e+01,2.763653086552124591e+02
4.845000000000000284e+01,2.858700617302053502e+02
4.850000000000000000e+01,2.130976565388756114e+02
4.855000000000000426e+01,1.702990258750743067e+02
4.859999999999999432e+01,2.246426734355199244e+02
4.864999999999999858e+01,2.857518588258174077e+02
4.870000000000000284e+01,2.921976263762055623e+02
4.875000000000000000e+01,2.167450455227044586e+02
4.880000000000000426e+01,1.756456405163158649e+02
4.884999999999999432e+01,2.320486182145766350e+02
4.889999999999999858e+01,2.918605309599291218e+02
4.895000000000000284e+01,2.954303117473986617e+02
4.900000000000000000e+01,2.182320521942434937e+02
4.905000000000000426e+01,1.788813003054933972e+02
4.909999999999999432e+01,2.365267630476045326e+02
4.914999999999999858e+01,2.953204884510621469e+02
4.920000000000000284e+01,2.965398557013994605e+02
4.925000000000000000e+01,2.183363305993343033e+02
4.929999999999999716e+01,1.806567923615151585e+02
4.935000000000000142e+01,2.391307622255494891e+02
4.939999999999999858e+01,2.971999638894749296e+02
4.945000000000000284e+01,2.966891554042630901e+02
4.950000000000000000e+01,2.178968339623727957e+02
4.954999999999999716e+01,1.815116993710917370e+02
4.960000000000000142e+01,2.404608287004315628e+02
4.964999999999999858e+01,2.980046424848210904e+02
4.970000000000000284e+01,2.962899980203628161e+02
4.975000000000000000e+01,2.171598378353075987e+02
4.979999999999999716e+01,1.815412351607697019e+02
4.985000000000000142e+01,2.406462057165225303e+02
4.989999999999999858e+01,2.978128210172229160e+02
4.995000000000000284e+01,2.953008749194793268e+02
5.000000000000000000e+01,2.160534257633527773e+02
5.004999999999999716e+01,1.806991202746410181e+02
5.010000000000000142e+01,2.397147298134307789e+02
5.014999999999999858e+01,2.966542151383942496e+02
5.020000000000000284e+01,2.937239656591319772e+02
5.025000000000000000e+01,2.145723225501045306e+02
5.029999999999999716e+01,1.790300534756439674e+02
5.035000000000000142e+01,2.377582774087934467e+02
5.039999999999999858e+01,2.946290891081029031e+02
5.045000000000000284e+01,2.917025863225508715e+02
5.050000000000000000e+01,2.128324958005154315e+02
5.054999999999999716e+01,1.766397784817991123e+02
5.060000000000000142e+01,2.348584018654431134e+02
5.064999999999999858e+01,2.918094857437429823e+02
5.070000000000000284e+01,2.893415819961176112e+02
5.075000000000000000e+01,2.109239434590649580e+02
5.079999999999999716e+01,1.736106244862531867e+02
5.085000000000000142e+01,2.310233419593536155e+02
5.089999999999999858e+01,2.881821837293180124e+02
5.095000000000000284e+01,2.866106945657754181e+02
5.100000000000000000e+01,2.088363400728653119e+02
5.104999999999999716e+01,1.699961909864019276e+02
5.110000000000000142e+01,2.262181427153385016e+02
5.114999999999999858e+01,2.836956749581473787e+02
5.120000000000000284e+01,2.834383597097830716e+02
5.125000000000000000e+01,2.065374311369775171e+02
5.129999999999999716e+01,1.658705052442153374e+02
5.135000000000000142e+01,2.204000269551436020e+02
5.139999999999999858e+01,2.782896812936739934e+02
5.145000000000000284e+01,2.797491038439981139e+02
5.150000000000000000e+01,2.039985159609328491e+02
5.154999999999999716e+01,1.613222720119383098e+02
5.160000000000000142e+01,2.134931187729679323e+02
5.164999999999999858e+01,2.718646136882936162e+02
5.170000000000000284e+01,2.754324512662583970e+02
5.175000000000000000e+01,2.011700662842488612e+02
5.179999999999999716e+01,1.564232749594370091e+02
5.185000000000000142e+01,2.053428792871162045e+02
5.189999999999999858e+01,2.642349708903599321e+02
5.195000000000000284e+01,2.703025294540792629e+02
5.200000000000000000e+01,1.979570139580524142e+02
5.204999999999999716e+01,1.512170107225812217e+02
5.210000000000000142e+01,1.957092483581451461e+02
5.214999999999999858e+01,2.551123855882939324e+02
5.220000000000000284e+01,2.640686518302408672e+02
5.225000000000000000e+01,1.941943944026274380e+02
5.229999999999999716e+01,1.457031447250226392e+02
5.235000000000000142e+01,1.842977452643424670e+02
5.240000000000000568e+01,2.441232599853838394e+02
5.244999999999999574e+01,2.563582215461930218e+02
5.250000000000000000e+01,1.896653765143429666e+02
5.254999999999999716e+01,1.398525639894263577e+02
5.260000000000000142e+01,1.708918256923742263e+02
5.265000000000000568e+01,2.309021792986669936e+02
5.269999999999999574e+01,2.467670843624024997e+02
5.275000000000000000e+01,1.841157115833471209e+02
5.279999999999999716e+01,1.335907255030967349e+02
5.285000000000000142e+01,1.554917529926114810e+02
5.290000000000000568e+01,2.151807722698805208e+02
5.294999999999999574e+01,2.349196306042929336e+02
5.300000000000000000e+01,1.772868744642107970e+02
5.304999999999999716e+01,1.268280256594222948e+02
5.310000000000000142e+01,1.385669941940555248e+02
5.315000000000000568e+01,1.969975257996639186e+02
5.319999999999999574e+01,2.206426498651017880e+02
5.325000000000000000e+01,1.690266721668277228e+02
5.329999999999999716e+01,1.195203522308590749e+02
5.335000000000000142e+01,1.210969436111320192e+02
5.340000000000000568e+01,1.767226056263363887e+02
5.344999999999999574e+01,2.039870178308766810e+02
5.350000000000000000e+01,1.592963341448524943e+02
5.354999999999999716e+01,1.116782778631377084e+02
5.360000000000000142e+01,1.043015184312984616e+02
5.365000000000000568e+01,1.548379932666615559e+02
5.369999999999999574e+01,1.850333246800432221e+02
5.375000000000000000e+01,1.480209243006384270e+02
5.379999999999999716e+01,1.032580894445422359e+02
5.385000000000000142e+01,8.903417827041766941e+01
5.390000000000000568e+01,1.314815579172251603e+02
5.394999999999999574e+01,1.635312329142101078e+02
5.400000000000000000e+01,1.348615953936142375e+02
5.405000000000000426e+01,9.403613154171131328e+01
5.410000000000000142e+01,7.549001725743291047e+01
5.414999999999999858e+01,1.065956591957074693e+02
5.419999999999999574e+01,1.389253018753718436e+02
5.425000000000000000e+01,1.191711500825337993e+02
5.430000000000000426e+01,8.358023447729860322e+01
5.435000000000000142e+01,6.330825634076113317e+01
5.439999999999999858e+01,8.107519872334913202e+01
5.444999999999999574e+01,1.113828802746728854e+02
5.450000000000000000e+01,1.006812736615671184e+02
5.455000000000000426e+01,7.167462895735334882e+01
5.460000000000000142e+01,5.206357297664926875e+01
5.464999999999999858e+01,5.777116720790251492e+01
5.469999999999999574e+01,8.309032114260000412e+01
5.475000000000000000e+01,8.051029843281324361e+01
5.480000000000000426e+01,5.893634303679843356e+01
5.485000000000000142e+01,4.176861190393529455e+01
5.489999999999999858e+01,3.970738020147921787e+01
5.494999999999999574e+01,5.740728930471771463e+01
5.500000000000000000e+01,6.072779946266098960e+01
5.505000000000000426e+01,4.650948149215980010e+01
5.510000000000000142e+01,3.272987019948322285e+01
5.514999999999999858e+01,2.739793633309894716e+01
5.519999999999999574e+01,3.682718465049699574e+01
5.525000000000000000e+01,4.297294331548150126e+01
5.530000000000000426e+01,3.515316462962321253e+01
5.535000000000000142e+01,2.502849378200221153e+01
5.539999999999999858e+01,1.929917445210838167e+01
5.545000000000000284e+01,2.237977466714331243e+01
5.550000000000000000e+01,2.816173324864458749e+01
5.555000000000000426e+01,2.504626780052060653e+01
5.559999999999999432e+01,1.840427475985505623e+01
5.564999999999999858e+01,1.363238722032192030e+01
5.570000000000000284e+01,1.333061224026184277e+01
5.575000000000000000e+01,1.655894813897925744e+01
5.580000000000000426e+01,1.594971990268499162e+01
5.584999999999999432e+01,1.231206677136439964e+01
5.589999999999999858e+01,9.061954857212571213e+00
5.595000000000000284e+01,7.698044286027736938e+00
5.600000000000000000e+01,8.219758199163630152e+00
5.605000000000000426e+01,8.072353339317707821e+00
5.609999999999999432e+01,6.603366653670342146e+00
5.614999999999999858e+01,5.002938454116848455e+00
5.620000000000000284e+01,3.914807744941362966e+00
5.625000000000000000e+01,3.341912775506074684e+00
5.630000000000000426e+01,2.968240877171952175e+00
5.634999999999999432e+01,2.601813284137644011e+00
5.639999999999999858e+01,2.212591657603028672e+00
5.645000000000000284e+01,1.785097701769162937e+00
5.650000000000000000e+01,1.375204637349767500e+00
5.655000000000000426e+01,1.121153873583967675e+00
5.659999999999999432e+01,1.287308305129238883e+00
5.664999999999999858e+01,2.037827169267549365e+00
5.670000000000000284e+01,2.382129454346268549e+00
5.675000000000000000e+01,2.066123379685631090e+00
5.680000000000000426e+01,1.834129761623844113e+00
5.684999999999999432e+01,3.881949876854567716e+00
5.689999999999999858e+01,1.721197416077536957e+01
5.695000000000000284e+01,2.877389453967652599e+01
5.700000000000000000e+01,2.614230191700876915e+01
5.704999999999999716e+01,2.227093789784465017e+01
5.710000000000000142e+01,4.055008658978482572e+01
5.714999999999999858e+01,9.998927840354927810e+01
5.720000000000000284e+01,1.456991722613670674e+02
5.725000000000000000e+01,1.268774076640963955e+02
5.729999999999999716e+01,1.005174029662439494e+02
5.735000000000000142e+01,1.339579845815802059e+02
5.739999999999999858e+01,2.057842378461089083e+02
5.745000000000000284e+01,2.466662741936090981e+02
5.750000000000000000e+01,1.995248591540723453e+02
5.754999999999999716e+01,1.511868971763556715e+02
5.760000000000000142e+01,1.822400261440116367e+02
5.764999999999999858e+01,2.467771023207066321e+02
5.770000000000000284e+01,2.710016020775051402e+02
5.775000000000000000e+01,2.084957251751572187e+02
5.779999999999999716e+01,1.568950279915318902e+02
5.785000000000000142e+01,1.913112849995557383e+02
5.789999999999999858e+01,2.525655462064460437e+02
5.795000000000000284e+01,2.684041924787883886e+02
5.800000000000000000e+01,2.027083815191992358e+02
5.804999999999999716e+01,1.554528578406684858e+02
5.810000000000000142e+01,1.978740449281936264e+02
5.814999999999999858e+01,2.589935687722853572e+02
5.820000000000000284e+01,2.711908044403237454e+02
5.825000000000000000e+01,2.033008369493072394e+02
5.829999999999999716e+01,1.595090119819656991e+02
5.835000000000000142e+01,2.086104016650654103e+02
5.839999999999999858e+01,2.693380113876261817e+02
5.845000000000000284e+01,2.786555537258801110e+02
5.850000000000000000e+01,2.077488251195372015e+02
5.854999999999999716e+01,1.660097714086489873e+02
5.860000000000000142e+01,2.189606380891090112e+02
5.864999999999999858e+01,2.785522065835114631e+02
5.870000000000000284e+01,2.848961918608650876e+02
5.875000000000000000e+01,2.113588155419418229e+02
5.879999999999999716e+01,1.712645874301661024e+02
5.885000000000000142e+01,2.262364739542944676e+02
5.889999999999999858e+01,2.845797797785133412e+02
5.895000000000000284e+01,2.881217614062488792e+02
5.900000000000000000e+01,2.128602557042008527e+02
5.904999999999999716e+01,1.744585369852187000e+02
5.910000000000000142e+01,2.306515246239283101e+02
5.914999999999999858e+01,2.880127855198018096e+02
5.920000000000000284e+01,2.892612834509832851e+02
5.925000000000000000e+01,2.130008762185328521e+02
5.929999999999999716e+01,1.762195686013751583e+02
5.935000000000000142e+01,2.332277226393360365e+02
5.939999999999999858e+01,2.898899690709602623e+02
5.945000000000000284e+01,2.894491574687810953e+02
5.950000000000000000e+01,2.126007881609990875e+02
5.954999999999999716e+01,1.770756900454330207e+02
5.960000000000000142e+01,2.345533165541712606e+02
5.964999999999999858e+01,2.907091361533986742e+02
5.970000000000000284e+01,2.890925664288783992e+02
5.975000000000000000e+01,2.119042724241846258e+02
5.979999999999999716e+01,1.771224393788812677e+02
5.985000000000000142e+01,2.347572512249120109e+02
5.989999999999999858e+01,2.905499333835750235e+02
5.995000000000000284e+01,2.881541259195358862e+02
6.000000000000000000e+01,2.108430503461322019e+02
6.004999999999999716e+01,1.763156337400198481e+02
6.010000000000000142e+01,2.338674921970344940e+02
6.014999999999999858e+01,2.894421028804422349e+02
6.019999999999999574e+01,2.866366265183958717e+02
6.025000000000000000e+01,2.094123138990655377e+02
6.029999999999999716e+01,1.746989072706798538e+02
6.035000000000000142e+01,2.319736472636926123e+02
6.040000000000000568e+01,2.874835084455323795e+02
6.044999999999999574e+01,2.846801082474575537e+02
6.050000000000000000e+01,2.077254325407558042e+02
6.054999999999999716e+01,1.723755499772288999e+02
6.060000000000000142e+01,2.291555124839533732e+02
6.065000000000000568e+01,2.847448743556469708e+02
6.069999999999999574e+01,2.823874573049040464e+02
6.075000000000000000e+01,2.058707032847705989e+02
6.079999999999999716e+01,1.694262528256554390e+02
6.085000000000000142e+01,2.254215971714494628e+02
6.090000000000000568e+01,2.812139134287521074e+02
6.094999999999999574e+01,2.797297553205528970e+02
6.100000000000000000e+01,2.038384564921391302e+02
6.104999999999999716e+01,1.659036109617628654e+02
6.110000000000000142e+01,2.207381195117081916e+02
6.115000000000000568e+01,2.768407129531369719e+02
6.119999999999999574e+01,2.766374344915870438e+02
6.125000000000000000e+01,2.015973627315347301e+02
6.129999999999999716e+01,1.618799874036715778e+02
6.135000000000000142e+01,2.150634780743676515e+02
6.140000000000000568e+01,2.715665781583652461e+02
6.144999999999999574e+01,2.730368781100733599e+02
6.150000000000000000e+01,1.991194124722241270e+02
6.154999999999999716e+01,1.574420058692861630e+02
6.160000000000000142e+01,2.083237543442036497e+02
6.165000000000000568e+01,2.652944470509664825e+02
6.169999999999999574e+01,2.688202739760985196e+02
6.175000000000000000e+01,1.963562346658765989e+02
6.180000000000000426e+01,1.526597752069465912e+02
6.185000000000000142e+01,2.003683034414049189e+02
6.189999999999999858e+01,2.578434225318547988e+02
6.194999999999999574e+01,2.638061546009561198e+02
6.200000000000000000e+01,1.932149206908749193e+02
6.205000000000000426e+01,1.475757329950573080e+02
6.210000000000000142e+01,1.909630079951809023e+02
6.214999999999999858e+01,2.489321487614213879e+02
6.219999999999999574e+01,2.577106017576747377e+02
6.225000000000000000e+01,1.895341820235955481e+02
6.230000000000000426e+01,1.421894213180056852e+02
6.235000000000000142e+01,1.798206359868952120e+02
6.239999999999999858e+01,2.381960511490447061e+02
6.244999999999999574e+01,2.501696503599597463e+02
6.250000000000000000e+01,1.851019925197055613e+02
6.254999999999999716e+01,1.364722185879537051e+02
6.260000000000000142e+01,1.667301450046670368e+02
6.264999999999999858e+01,2.252787307314722796e+02
6.270000000000000284e+01,2.407887131147583943e+02
6.275000000000000000e+01,1.796698952164405796e+02
6.279999999999999716e+01,1.303512295258994982e+02
6.285000000000000142e+01,1.516923922681916110e+02
6.289999999999999858e+01,2.099190047096379317e+02
6.295000000000000284e+01,2.292016363342340810e+02
6.300000000000000000e+01,1.729856363287321130e+02
6.304999999999999716e+01,1.237391016425757329e+02
6.310000000000000142e+01,1.351664730961318241e+02
6.314999999999999858e+01,1.921558925365452239e+02
6.320000000000000284e+01,2.152407731527095507e+02
6.325000000000000000e+01,1.649014434497749733e+02
6.329999999999999716e+01,1.165933176932457940e+02
6.335000000000000142e+01,1.181092739539922292e+02
6.339999999999999858e+01,1.723528343916702568e+02
6.345000000000000284e+01,1.989582863502185432e+02
6.350000000000000000e+01,1.553810788723418739e+02
6.354999999999999716e+01,1.089252159723826168e+02
6.360000000000000142e+01,1.017121609654591765e+02
6.364999999999999858e+01,1.509828238381502672e+02
6.370000000000000995e+01,1.804361879637426682e+02
6.375000000000000000e+01,1.443536571688454444e+02
6.379999999999999716e+01,1.006934600253407126e+02
6.385000000000000142e+01,8.680838861335867307e+01
6.389999999999999858e+01,1.281831024993531685e+02
6.395000000000000995e+01,1.594338568149896673e+02
6.400000000000000000e+01,1.314909995657368142e+02
6.404999999999999716e+01,9.168113430776226380e+01
6.410000000000000853e+01,7.358832085422338309e+01
6.415000000000000568e+01,1.038997667562722711e+02
6.419999999999998863e+01,1.354129646558299669e+02
6.425000000000000000e+01,1.161642903841462982e+02
6.429999999999999716e+01,8.146794107557205677e+01
6.435000000000000853e+01,6.169991149243343642e+01
6.440000000000000568e+01,7.900687540428729960e+01
6.444999999999998863e+01,1.085398270047696769e+02
6.450000000000000000e+01,9.811474554121230085e+01
6.454999999999999716e+01,6.984507100606577978e+01
6.460000000000000853e+01,5.072855545826747914e+01
6.465000000000000568e+01,5.628370389170198962e+01
6.469999999999998863e+01,8.094817908369897452e+01
6.475000000000000000e+01,7.843577424955903155e+01
6.479999999999999716e+01,5.741606479107791472e+01
6.485000000000000853e+01,4.068708108689019554e+01
6.490000000000000568e+01,3.867537633343016523e+01
6.494999999999998863e+01,5.591262803516849544e+01
6.500000000000000000e+01,5.914649115223779319e+01
6.504999999999999716e+01,4.529743759372999534e+01
6.510000000000000853e+01,3.187440453385970685e+01
6.515000000000000568e+01,2.667957950675111078e+01
6.519999999999998863e+01,3.585979471476577629e+01
6.525000000000000000e+01,4.184352691779028532e+01
6.529999999999999716e+01,3.422878024990848900e+01
6.535000000000000853e+01,2.436898132359018021e+01
6.540000000000000568e+01,1.878938749808633446e+01
6.544999999999998863e+01,2.178763021660289567e+01
6.550000000000000000e+01,2.741611028954790541e+01
6.554999999999999716e+01,2.438289575050452385e+01
6.560000000000000853e+01,1.791618772869848542e+01
6.565000000000000568e+01,1.327021482574860300e+01
6.569999999999998863e+01,1.297599202748378566e+01
6.575000000000000000e+01,1.611816602427559530e+01
6.579999999999999716e+01,1.552503292993503869e+01
6.585000000000000853e+01,1.198399638486633911e+01
6.590000000000000568e+01,8.820203542283763909e+00
6.594999999999998863e+01,7.492482342706743736e+00
6.600000000000000000e+01,8.000148261887929380e+00
6.604999999999999716e+01,7.856626193470294339e+00
6.610000000000000853e+01,6.426825523483564062e+00
6.615000000000000568e+01,4.869087859828835185e+00
6.619999999999998863e+01,3.810001888584157559e+00
6.625000000000000000e+01,3.252410228830223016e+00
6.629999999999999716e+01,2.888731353278306990e+00
6.635000000000000853e+01,2.532106385918372560e+00
6.640000000000000568e+01,2.153292430305516092e+00
6.644999999999998863e+01,1.737239993554829942e+00
6.650000000000000000e+01,1.338329445320659339e+00
6.654999999999999716e+01,1.091089818042840776e+00
6.660000000000000853e+01,1.252790635252989837e+00
6.665000000000000568e+01,1.983187822748662565e+00
6.669999999999998863e+01,2.318260948296704704e+00
6.675000000000000000e+01,2.010734072441465070e+00
6.679999999999999716e+01,1.784969310277136900e+00
6.685000000000000853e+01,3.777937691547763599e+00
6.690000000000000568e+01,1.675126742644664546e+01
6.694999999999998863e+01,2.800450992144519091e+01
6.700000000000000000e+01,2.544435102921924852e+01
6.704999999999999716e+01,2.167721763784618005e+01
6.710000000000000853e+01,3.947092633803837458e+01
6.715000000000000568e+01,9.733851850401384809e+01
6.720000000000000284e+01,1.418578910345836732e+02
6.725000000000000000e+01,1.235570499510738784e+02
6.729999999999999716e+01,9.790418186787107402e+01
6.734999999999999432e+01,1.304951046638924765e+02
6.740000000000000568e+01,2.005078483001273071e+02
6.745000000000000284e+01,2.404137920690261012e+02
6.750000000000000000e+01,1.945351100596469678e+02
6.754999999999999716e+01,1.474453935671315037e+02
6.759999999999999432e+01,1.777637987949863998e+02
6.765000000000000568e+01,2.407760757776709113e+02
6.770000000000000284e+01,2.645014500055308986e+02
6.775000000000000000e+01,2.035653317361435768e+02
6.779999999999999716e+01,1.532100834932172972e+02
6.784999999999999432e+01,1.868224522595660346e+02
6.790000000000000568e+01,2.466671220776734117e+02
6.795000000000000284e+01,2.621970456982010660e+02
6.800000000000000000e+01,1.980606759501797853e+02
6.804999999999999716e+01,1.518872356859768331e+02
6.809999999999999432e+01,1.933096508000388098e+02
6.815000000000000568e+01,2.530221919303953086e+02
6.820000000000000284e+01,2.649824393138468963e+02
6.825000000000000000e+01,1.986738521145855714e+02
6.829999999999999716e+01,1.558687648361041056e+02
6.834999999999999432e+01,2.038186329936707182e+02
6.840000000000000568e+01,2.631568768745112266e+02
6.845000000000000284e+01,2.723091682096973614e+02
6.850000000000000000e+01,2.030457774793432861e+02
6.854999999999999716e+01,1.622420110891976037e+02
6.859999999999999432e+01,2.139629039969640587e+02
6.865000000000000568e+01,2.722069859992133729e+02
6.870000000000000284e+01,2.784606988787400041e+02
6.875000000000000000e+01,2.066133449381870832e+02
6.879999999999999716e+01,1.674084848648946036e+02
6.884999999999999432e+01,2.211138512016252093e+02
6.890000000000000568e+01,2.781509657845952006e+02
6.895000000000000284e+01,2.816680910319682312e+02
6.900000000000000000e+01,2.081187172748512921e+02
6.904999999999999716e+01,1.705586139578117582e+02
6.909999999999999432e+01,2.254640112211747578e+02
6.915000000000000568e+01,2.815495238407276588e+02
6.920000000000000284e+01,2.828237437943433861e+02
6.925000000000000000e+01,2.082838003703801917e+02
6.929999999999999716e+01,1.723006068400247841e+02
6.934999999999999432e+01,2.280075044471577712e+02
6.940000000000000568e+01,2.834152636843617756e+02
6.945000000000000284e+01,2.830365436719836225e+02
6.950000000000000000e+01,2.079117422625171230e+02
6.954999999999999716e+01,1.731520552760377427e+02
6.959999999999999432e+01,2.293217215941610618e+02
6.965000000000000568e+01,2.842386254715104315e+02
6.970000000000000284e+01,2.827091569208570263e+02
6.975000000000000000e+01,2.072447463357704862e+02
6.979999999999999716e+01,1.732086289774625527e+02
6.984999999999999432e+01,2.295351820924699098e+02
6.990000000000000568e+01,2.841002762922902889e+02
6.995000000000000284e+01,2.818076911501155450e+02
7.000000000000000000e+01,2.062176540942815848e+02
7.004999999999999716e+01,1.724279984967087103e+02
7.009999999999999432e+01,2.286759611126313132e+02
7.015000000000000568e+01,2.830299710604400616e+02
7.020000000000000284e+01,2.803354603413494601e+02
7.025000000000000000e+01,2.048260597586492509e+02
7.029999999999999716e+01,1.708528987474249732e+02
7.034999999999999432e+01,2.268316880382719489e+02
7.040000000000000568e+01,2.811234546310865881e+02
7.045000000000000284e+01,2.784295754250112509e+02
7.050000000000000000e+01,2.031810049044322000e+02
7.054999999999999716e+01,1.685844636284379590e+02
7.059999999999999432e+01,2.240806152285307462e+02
7.065000000000000568e+01,2.784502714176944096e+02
7.070000000000000284e+01,2.761911401808406481e+02
7.075000000000000000e+01,2.013692387254679375e+02
7.079999999999999716e+01,1.657019338949234850e+02
7.084999999999999432e+01,2.204315076321724689e+02
7.090000000000000568e+01,2.749989651389134337e+02
7.095000000000000284e+01,2.735924066488166773e+02
7.100000000000000000e+01,1.993816551172144500e+02
7.104999999999999716e+01,1.622570246115819543e+02
7.109999999999999432e+01,2.158516593519225637e+02
7.115000000000000568e+01,2.707210677374146144e+02
7.120000000000000284e+01,2.705655923481104423e+02
7.125000000000000000e+01,1.971877489023581234e+02
7.129999999999999716e+01,1.583206386377067645e+02
7.134999999999999432e+01,2.103005633931302327e+02
7.140000000000000568e+01,2.655593371375014726e+02
7.145000000000000284e+01,2.670387602219944938e+02
7.150000000000000000e+01,1.947601369856004965e+02
7.154999999999999716e+01,1.539775650861219845e+02
7.159999999999999432e+01,2.037060983372697365e+02
7.165000000000000568e+01,2.594190135626847109e+02
7.170000000000000284e+01,2.629065066575572018e+02
7.175000000000000000e+01,1.920514953387539379e+02
7.179999999999999716e+01,1.492964342964179423e+02
7.184999999999999432e+01,1.959211499202477853e+02
7.190000000000000568e+01,2.521233687446024305e+02
7.195000000000000284e+01,2.579913451536660318e+02
7.200000000000000000e+01,1.889708693958401966e+02
7.204999999999999716e+01,1.443187553342085039e+02
7.209999999999999432e+01,1.867169677856623480e+02
7.215000000000000568e+01,2.433973843378537083e+02
7.220000000000000284e+01,2.520154760385670158e+02
7.225000000000000000e+01,1.853602978855221579e+02
7.229999999999999716e+01,1.390439830140365132e+02
7.234999999999999432e+01,1.758128518090931038e+02
7.240000000000000568e+01,2.328846330298515284e+02
7.245000000000000284e+01,2.446227388459770964e+02
7.250000000000000000e+01,1.810121052465193259e+02
7.254999999999999716e+01,1.334439593852620760e+02
7.259999999999999432e+01,1.630026981992303377e+02
7.265000000000000568e+01,2.202368403958664089e+02
7.270000000000000284e+01,2.354271832794271972e+02
7.275000000000000000e+01,1.756830647599487349e+02
7.279999999999999716e+01,1.274472767097432921e+02
7.284999999999999432e+01,1.482878537631788163e+02
7.290000000000000568e+01,2.051992714482617259e+02
7.295000000000000284e+01,2.240711659376522960e+02
7.300000000000000000e+01,1.691265649374277302e+02
7.304999999999999716e+01,1.209685939692471806e+02
7.309999999999999432e+01,1.321180327400898591e+02
7.315000000000000568e+01,1.878113870533670422e+02
7.320000000000000284e+01,2.103920234296639933e+02
7.325000000000000000e+01,1.611987911225188270e+02
7.329999999999999716e+01,1.139667975824103507e+02
7.334999999999999432e+01,1.154298599549654512e+02
7.340000000000000568e+01,1.684305540800364724e+02
7.345000000000000284e+01,1.944430509983140212e+02
7.350000000000000000e+01,1.518657596018090032e+02
7.355000000000001137e+01,1.064538790654225693e+02
7.359999999999999432e+01,9.938905945620759042e+01
7.364999999999999147e+01,1.475216877744967974e+02
7.370000000000000284e+01,1.763075322416133304e+02
7.375000000000000000e+01,1.410602190948767998e+02
7.380000000000001137e+01,9.839061642338461411e+01
7.384999999999999432e+01,8.481076319528203555e+01
7.389999999999999147e+01,1.252214472567758463e+02
7.395000000000000284e+01,1.557535654303233912e+02
7.400000000000000000e+01,1.284635792218750510e+02
7.405000000000001137e+01,8.956614156619100697e+01
7.409999999999999432e+01,7.188109187681418177e+01
7.414999999999999147e+01,1.014791570694886218e+02
7.420000000000000284e+01,1.322581059718349366e+02
7.425000000000000000e+01,1.134634948530795242e+02
7.430000000000001137e+01,7.957079070917023955e+01
7.434999999999999432e+01,6.025579668706768643e+01
7.439999999999999147e+01,7.714988481221500649e+01
7.445000000000000284e+01,1.059863062603438522e+02
7.450000000000000000e+01,9.580958531711745252e+01
7.455000000000001137e+01,6.820189903627513672e+01
7.459999999999999432e+01,4.952978551642938498e+01
7.464999999999999147e+01,5.494828349239086407e+01
7.470000000000000284e+01,7.902437856870298560e+01
7.475000000000000000e+01,7.657266419554983372e+01
7.480000000000001137e+01,5.605074258481283067e+01
7.484999999999999432e+01,3.971591555759812309e+01
7.489999999999999147e+01,3.774883300546182596e+01
7.495000000000000284e+01,5.457042836246434803e+01
7.500000000000000000e+01,5.772641145309741972e+01
7.505000000000001137e+01,4.420896541747378450e+01
7.509999999999999432e+01,3.110621175143154105e+01
7.514999999999999147e+01,2.603457085824240025e+01
7.520000000000000284e+01,3.499109867464387236e+01
7.525000000000000000e+01,4.082923832974361744e+01
7.530000000000001137e+01,3.339859524887052089e+01
7.534999999999999432e+01,2.377668721883656744e+01
7.539999999999999147e+01,1.833157536887458861e+01
7.545000000000000284e+01,2.125583208323304163e+01
7.550000000000000000e+01,2.674639054015442596e+01
7.555000000000001137e+01,2.378701716790967780e+01
7.559999999999999432e+01,1.747774847285700162e+01
7.564999999999999147e+01,1.294487888073999748e+01
7.570000000000000284e+01,1.265742371638548747e+01
7.575000000000000000e+01,1.572214643784082355e+01
7.580000000000001137e+01,1.514344082547018644e+01
7.584999999999999432e+01,1.168919876714523021e+01
7.589999999999999147e+01,8.602960629982909779e+00
7.595000000000000284e+01,7.307747293967498337e+00
7.600000000000000000e+01,7.802766821553134946e+00
7.605000000000001137e+01,7.662714144852705189e+00
7.609999999999999432e+01,6.268123099728041048e+00
7.614999999999999147e+01,4.748753544638104174e+00
7.620000000000000284e+01,3.715771516212504011e+00
7.625000000000000000e+01,3.171930539171853969e+00
7.630000000000001137e+01,2.817229014769506712e+00
7.634999999999999432e+01,2.469412483429925587e+00
7.639999999999999147e+01,2.099953781510715434e+00
7.645000000000000284e+01,1.694188566013733466e+00
7.650000000000000000e+01,1.305154058024563080e+00
7.655000000000001137e+01,1.064038923941965642e+00
7.659999999999999432e+01,1.221727765091425777e+00
7.664999999999999147e+01,1.934009673943626550e+00
7.670000000000000284e+01,2.260770111581959618e+00
7.675000000000000000e+01,1.960870690315522635e+00
7.679999999999999716e+01,1.740708293074632262e+00
7.685000000000000853e+01,3.684271502965136946e+00
7.689999999999999147e+01,1.633610215404571164e+01
7.695000000000000284e+01,2.731107507530978751e+01
7.700000000000000000e+01,2.481523619576507045e+01
7.704999999999999716e+01,2.114198331889625138e+01
7.710000000000000853e+01,3.849759578638932567e+01
7.714999999999999147e+01,9.494391140557800668e+01
7.720000000000000284e+01,1.383857870612198440e+02
7.725000000000000000e+01,1.205549485865110739e+02
7.729999999999999716e+01,9.554070065174421700e+01
7.735000000000000853e+01,1.273613460612338173e+02
7.739999999999999147e+01,1.957270337174118993e+02
7.745000000000000284e+01,2.347437375447889281e+02
7.750000000000000000e+01,1.900072800581979777e+02
7.754999999999999716e+01,1.440484813140821245e+02
7.760000000000000853e+01,1.736973926764418081e+02
7.764999999999999147e+01,2.353185133589078077e+02
7.770000000000000284e+01,2.585848724096337605e+02
7.775000000000000000e+01,1.990745335044562694e+02
7.779999999999999716e+01,1.498526982921743240e+02
7.785000000000000853e+01,1.827317919067907326e+02
7.789999999999999147e+01,2.412882425295080964e+02
7.795000000000000284e+01,2.565335171666483802e+02
7.800000000000000000e+01,1.938185424411211386e+02
7.804999999999999716e+01,1.486331886614991049e+02
7.810000000000000853e+01,1.891445887745779544e+02
7.814999999999999147e+01,2.475710247909292150e+02
7.820000000000000284e+01,2.593128204417578218e+02
7.825000000000000000e+01,1.944474920781161984e+02
7.829999999999999716e+01,1.525444960622243684e+02
7.835000000000000853e+01,1.994431105004028950e+02
7.839999999999999147e+01,2.575102952034951613e+02
7.845000000000000284e+01,2.665092806060595194e+02
7.850000000000000000e+01,1.987466618098878541e+02
7.854999999999999716e+01,1.587985650503010788e+02
7.860000000000000853e+01,2.093952744763376188e+02
7.864999999999999147e+01,2.664051695888895779e+02
7.870000000000000284e+01,2.725737471826546994e+02
7.875000000000000000e+01,2.022712542978928525e+02
7.879999999999999716e+01,1.638809392134903078e+02
7.885000000000000853e+01,2.164275898968215586e+02
7.889999999999999147e+01,2.722671562153602736e+02
7.895000000000000284e+01,2.757589563552488698e+02
7.900000000000000000e+01,2.037762571425258784e+02
7.904999999999999716e+01,1.669878624339093847e+02
7.910000000000000853e+01,2.207143664933907985e+02
7.914999999999999147e+01,2.756293430101355284e+02
7.920000000000000284e+01,2.769246534871980998e+02
7.925000000000000000e+01,2.039603988419634959e+02
7.929999999999999716e+01,1.687097517003599592e+02
7.935000000000000853e+01,2.232244531908930298e+02
7.939999999999999147e+01,2.774804257629078847e+02
7.945000000000000284e+01,2.771562289816707221e+02
7.950000000000000000e+01,2.036111271540997052e+02
7.954999999999999716e+01,1.695545397903055402e+02
7.960000000000000853e+01,2.245251307486666406e+02
7.965000000000000568e+01,2.783038548237825012e+02
7.969999999999998863e+01,2.768519329941209435e+02
7.975000000000000000e+01,2.029685488832533906e+02
7.979999999999999716e+01,1.696179116148431376e+02
7.985000000000000853e+01,2.247444281104346260e+02
7.990000000000000568e+01,2.781811206114088577e+02
7.994999999999998863e+01,2.759809675316319044e+02
